"year","player","max(DM)","avg(DM)","min(DM)"
2004,"Agustin Calleri",1.4,1.16808510638298,0.936170212765957
2004,"Albert Costa",1.22222222222222,1.08681917211329,0.95
2004,"Albert Montanes",0.467741935483871,0.467741935483871,0.467741935483871
2004,"Albert Portas",0.704545454545455,0.704545454545455,0.704545454545455
2004,"Alberto Martin",1.37037037037037,1.04044834307992,0.710526315789474
2004,"Alex Corretja",1.16666666666667,1.09615384615385,1.02564102564103
2004,"Alex Jr. Bogomolov",0.478260869565217,0.478260869565217,0.478260869565217
2004,"Alexander Popp",0.666666666666667,0.666666666666667,0.666666666666667
2004,"Alun Jones",0.775,0.775,0.775
2004,"Andre Agassi",1.76666666666667,1.52852164175694,0.941176470588235
2004,"Andrei Pavel",1.33333333333333,1.10963748894783,0.769230769230769
2004,"Andy Roddick",2.5,1.78282967032967,1.0625
2004,"Antony Dupuis",0.9375,0.9375,0.9375
2004,"Arnaud Clement",0.925,0.925,0.925
2004,"Bohdan Ulihrach",1.35294117647059,0.876470588235294,0.4
2004,"Brian Vahaly",0.8,0.8,0.8
2004,"Cecil Mamiit",0.634146341463415,0.634146341463415,0.634146341463415
2004,"Chris Guccione",1.29032258064516,0.882003395585738,0.473684210526316
2004,"Christophe Rochus",0.714285714285714,0.714285714285714,0.714285714285714
2004,"Cyril Saulnier",1.32258064516129,1.0450112528132,0.767441860465116
2004,"David Ferrer",1.35294117647059,1.06862745098039,0.784313725490196
2004,"David Nalbandian",2.04,1.53522396292376,0.970588235294118
2004,"David Sanchez-Munoz",1.02857142857143,0.976785714285714,0.925
2004,"Davide Sanguinetti",0.868421052631579,0.868421052631579,0.868421052631579
2004,"Dennis Van Scheppingen",0.625,0.625,0.625
2004,"Dmitry Tursunov",0.842105263157895,0.842105263157895,0.842105263157895
2004,"Dominik Hrbaty",1.8125,1.36268205308903,0.790697674418605
2004,"Fabrice Santoro",1.6,1.19024390243902,0.780487804878049
2004,"Feliciano Lopez",0.72972972972973,0.72972972972973,0.72972972972973
2004,"Felix Mantilla",0.6,0.6,0.6
2004,"Fernando Gonzalez",0.7,0.7,0.7
2004,"Fernando Verdasco",0.471698113207547,0.471698113207547,0.471698113207547
2004,"Filippo Volandri",1.05405405405405,0.936117936117936,0.818181818181818
2004,"Flavio Saretta",0.673469387755102,0.673469387755102,0.673469387755102
2004,"Florian Mayer",1.5,1.08636363636364,0.672727272727273
2004,"Galo Blanco",1.75757575757576,1.30561714708056,0.853658536585366
2004,"Gaston Gaudio",1.19444444444444,0.873084291187739,0.551724137931034
2004,"Gilles Muller",0.739130434782609,0.739130434782609,0.739130434782609
2004,"Glenn Weiner",1.03448275862069,0.892241379310345,0.75
2004,"Greg Rusedski",0.818181818181818,0.818181818181818,0.818181818181818
2004,"Gregory Carraz",0.636363636363636,0.636363636363636,0.636363636363636
2004,"Guillermo Canas",1.62962962962963,1.04700188156071,0.490196078431373
2004,"Guillermo Coria",0.75609756097561,0.75609756097561,0.75609756097561
2004,"Gustavo Kuerten",1.17948717948718,1.00612535612536,0.7
2004,"Hicham Arazi",1.45161290322581,1.2302049570407,1.05263157894737
2004,"Hyung-Taik Lee",0.72,0.72,0.72
2004,"Igor Andreev",0.948717948717949,0.948717948717949,0.948717948717949
2004,"Irakli Labadze",0.925,0.925,0.925
2004,"Ivan Ljubicic",1.1875,1.0327743902439,0.878048780487805
2004,"Ivan Miranda",0.711111111111111,0.711111111111111,0.711111111111111
2004,"Ivo Karlovic",0.931034482758621,0.876231527093596,0.821428571428571
2004,"James Blake",1.96428571428571,1.34340612934363,0.945945945945946
2004,"Jan Vacek",1.37931034482759,1.05329153605016,0.727272727272727
2004,"Jan-Michael Gambill",1.57142857142857,1.07460317460317,0.577777777777778
2004,"Jarkko Nieminen",1.34285714285714,1.09789915966387,0.852941176470588
2004,"Jean-Rene Lisnard",0.488372093023256,0.488372093023256,0.488372093023256
2004,"Jeff Morrison",1.6,1.12142857142857,0.642857142857143
2004,"Jeff Salzenstein",0.966666666666667,0.966666666666667,0.966666666666667
2004,"Jerome Golmard",1.41935483870968,1.20967741935484,1
2004,"Jiri Novak",1.5,1.28333333333333,0.975
2004,"Joachim Johansson",1.5,1.22138805472139,0.756756756756757
2004,"John van Lottum",0.847826086956522,0.847826086956522,0.847826086956522
2004,"Jonas Bjorkman",0.625,0.625,0.625
2004,"Jose Acasuso",0.555555555555556,0.555555555555556,0.555555555555556
2004,"Juan Carlos Ferrero",2.13793103448276,1.27345116944508,0.717948717948718
2004,"Juan Ignacio Chela",1.08108108108108,1.05216844751728,1.02325581395349
2004,"Jurgen Melzer",2.31818181818182,1.40433821497651,0.723404255319149
2004,"Karol Beck",1.21951219512195,1.07317073170732,0.926829268292683
2004,"Karol Kucera",1.3030303030303,1.05536130536131,0.807692307692308
2004,"Kenneth Carlsen",0.682926829268293,0.682926829268293,0.682926829268293
2004,"Lars Burgsmuller",0.739130434782609,0.739130434782609,0.739130434782609
2004,"Lleyton Hewitt",1.57692307692308,1.20545912420912,0.825
2004,"Luis Horna",0.674418604651163,0.674418604651163,0.674418604651163
2004,"Marat Safin",1.25,1.02776346170652,0.711111111111111
2004,"Mardy Fish",1.21739130434783,1.21739130434783,1.21739130434783
2004,"Mario Ancic",1.14814814814815,0.934988776655443,0.681818181818182
2004,"Mark Philippoussis",1.46666666666667,1.15086805555556,0.688888888888889
2004,"Martin Verkerk",0.857142857142857,0.857142857142857,0.857142857142857
2004,"Max Mirnyi",0.763157894736842,0.763157894736842,0.763157894736842
2004,"Michal Tabara",0.549019607843137,0.549019607843137,0.549019607843137
2004,"Mikhail Youzhny",0.644444444444444,0.644444444444444,0.644444444444444
2004,"Nicolas Escude",1.44444444444444,1.23504273504273,0.871794871794872
2004,"Nicolas Kiefer",0.948717948717949,0.948717948717949,0.948717948717949
2004,"Nicolas Lapentti",2.40909090909091,1.67751842751843,0.945945945945946
2004,"Nicolas Mahut",0.804347826086957,0.804347826086957,0.804347826086957
2004,"Nicolas Massu",0.74468085106383,0.74468085106383,0.74468085106383
2004,"Nikolay Davydenko",1.08108108108108,0.967369808833223,0.853658536585366
2004,"Olivier Mutis",0.780487804878049,0.780487804878049,0.780487804878049
2004,"Olivier Patience",1.17142857142857,0.911524511524511,0.509090909090909
2004,"Olivier Rochus",0.666666666666667,0.666666666666667,0.666666666666667
2004,"Oscar Hernandez",0.415094339622642,0.415094339622642,0.415094339622642
2004,"Paradorn Srichaphan",1.8,1.21567944250871,0.634146341463415
2004,"Peter Luczak",0.625,0.625,0.625
2004,"Radek Stepanek",1.15151515151515,0.869235836627141,0.58695652173913
2004,"Raemon Sluiter",0.870967741935484,0.870967741935484,0.870967741935484
2004,"Rafael Nadal",1.82142857142857,1.32728937728938,0.846153846153846
2004,"Rainer Schuettler",0.944444444444444,0.944444444444444,0.944444444444444
2004,"Ricardo Mello",0.577777777777778,0.577777777777778,0.577777777777778
2004,"Richard Gasquet",0.666666666666667,0.666666666666667,0.666666666666667
2004,"Robby Ginepri",2.11111111111111,1.36546469697208,0.720930232558139
2004,"Robin Soderling",1.05882352941176,0.875565610859729,0.692307692307692
2004,"Roger Federer",2.09090909090909,1.53161848072562,1.03030303030303
2004,"Roko Karanusic",0.870967741935484,0.870967741935484,0.870967741935484
2004,"Ruben Ramirez-Hidalgo",0.725,0.725,0.725
2004,"Sargis Sargsian",1.6,1.3,1
2004,"Sebastien Grosjean",1.73076923076923,1.30006675221916,0.566037735849057
2004,"Sebastien de Chaunac",0.613636363636364,0.613636363636364,0.613636363636364
2004,"Sjeng Schalken",1.46428571428571,1.16040966386555,0.52
2004,"Stefan Koubek",0.82,0.82,0.82
2004,"Taylor Dent",2.12,1.19909090909091,0.5
2004,"Thierry Ascione",1.66666666666667,1.21376811594203,0.760869565217391
2004,"Thomas Enqvist",1.07894736842105,0.906209969367864,0.611111111111111
2004,"Thomas Johansson",0.857142857142857,0.857142857142857,0.857142857142857
2004,"Tim Henman",2.04761904761905,1.58377425044092,1
2004,"Todd Larkham",0.666666666666667,0.666666666666667,0.666666666666667
2004,"Todd Martin",1.07407407407407,1.04691358024691,1
2004,"Todd Reid",2.4,1.29726775956284,0.491803278688525
2004,"Tomas Behrend",0.431372549019608,0.431372549019608,0.431372549019608
2004,"Tomas Berdych",1.24324324324324,0.907335907335907,0.571428571428571
2004,"Tommy Robredo",0.837209302325581,0.837209302325581,0.837209302325581
2004,"Vadim Kutsenko",0.416666666666667,0.416666666666667,0.416666666666667
2004,"Victor Hanescu",0.785714285714286,0.785714285714286,0.785714285714286
2004,"Vince Spadea",0.972222222222222,0.972222222222222,0.972222222222222
2004,"Wayne Arthurs",1.14814814814815,1.03353353353353,0.918918918918919
2004,"Wayne Ferreira",1.27272727272727,1.01476151476151,0.69047619047619
2004,"Wesley Moodie",0.972222222222222,0.972222222222222,0.972222222222222
2004,"Xavier Malisse",0.767441860465116,0.767441860465116,0.767441860465116
2004,"Younes El Aynaoui",0.568965517241379,0.568965517241379,0.568965517241379
2005,"Agustin Calleri",0.914285714285714,0.901587301587301,0.888888888888889
2005,"Albert Costa",0.72,0.72,0.72
2005,"Albert Montanes",0.56,0.56,0.56
2005,"Alberto Martin",0.708333333333333,0.708333333333333,0.708333333333333
2005,"Alex Calatrava",1.06060606060606,1.06060606060606,1.06060606060606
2005,"Andre Agassi",1.96428571428571,1.44945970695971,0.8
2005,"Andrei Pavel",1.54838709677419,1.11863799283154,0.688888888888889
2005,"Andy Roddick",2.61111111111111,1.87587358175593,0.833333333333333
2005,"Antony Dupuis",0.736842105263158,0.736842105263158,0.736842105263158
2005,"Arnaud Clement",0.651162790697674,0.651162790697674,0.651162790697674
2005,"Bjorn Phau",1.38888888888889,0.954861111111111,0.520833333333333
2005,"Bobby Reynolds",1.45161290322581,1.0164186669563,0.537037037037037
2005,"Bohdan Ulihrach",1.59090909090909,1.05587121212121,0.520833333333333
2005,"Carlos Moya",0.897435897435897,0.897435897435897,0.897435897435897
2005,"Chris Guccione",0.697674418604651,0.697674418604651,0.697674418604651
2005,"Christophe Rochus",1.78571428571429,1.2758358662614,0.765957446808511
2005,"Cyril Saulnier",0.787234042553192,0.787234042553192,0.787234042553192
2005,"Daniele Bracciali",0.923076923076923,0.923076923076923,0.923076923076923
2005,"David Ferrer",0.977272727272727,0.977272727272727,0.977272727272727
2005,"David Nalbandian",1.42424242424242,1.17046769919547,0.974358974358974
2005,"David Sanchez-Munoz",0.95,0.95,0.95
2005,"Davide Sanguinetti",0.75,0.75,0.75
2005,"Dieter Kindlmann",0.509090909090909,0.509090909090909,0.509090909090909
2005,"Dominik Hrbaty",1.76923076923077,1.25018526299014,0.571428571428571
2005,"Fabrice Santoro",0.547169811320755,0.547169811320755,0.547169811320755
2005,"Federico Luzzi",0.772727272727273,0.772727272727273,0.772727272727273
2005,"Feliciano Lopez",1.44,1.16412698412698,0.966666666666667
2005,"Felix Mantilla",0.531914893617021,0.531914893617021,0.531914893617021
2005,"Fernando Gonzalez",1.91304347826087,1.22859025032938,0.772727272727273
2005,"Fernando Verdasco",1.84615384615385,1.32307692307692,0.8
2005,"Filippo Volandri",0.82051282051282,0.82051282051282,0.82051282051282
2005,"Flavio Saretta",0.909090909090909,0.909090909090909,0.909090909090909
2005,"Florent Serra",0.787234042553192,0.787234042553192,0.787234042553192
2005,"Florian Mayer",0.509090909090909,0.509090909090909,0.509090909090909
2005,"Gael Monfils",0.947368421052632,0.79775828460039,0.648148148148148
2005,"Gaston Gaudio",1.35483870967742,1.12909148339717,0.953488372093023
2005,"Gilles Muller",0.541666666666667,0.541666666666667,0.541666666666667
2005,"Greg Rusedski",1.10810810810811,0.751728472658705,0.395348837209302
2005,"Gregory Carraz",1.10526315789474,0.895488721804511,0.685714285714286
2005,"Guillermo Canas",2.07142857142857,1.40579573934837,0.868421052631579
2005,"Guillermo Coria",1.86206896551724,1.29688087774295,0.88
2005,"Guillermo Garcia-Lopez",1.11428571428571,0.818012422360249,0.521739130434783
2005,"Hyung-Taik Lee",0.878048780487805,0.878048780487805,0.878048780487805
2005,"Igor Andreev",1.48275862068966,1.00274294670846,0.522727272727273
2005,"Irakli Labadze",0.382978723404255,0.382978723404255,0.382978723404255
2005,"Ivan Ljubicic",2.47058823529412,1.54610492845787,0.621621621621622
2005,"Ivo Karlovic",0.628571428571429,0.628571428571429,0.628571428571429
2005,"James Blake",1.96428571428571,1.36586378737542,0.767441860465116
2005,"Jan Hernych",1.88,1.41619047619048,0.952380952380952
2005,"Jan-Michael Gambill",0.675675675675676,0.675675675675676,0.675675675675676
2005,"Janko Tipsarevic",1.08333333333333,0.90530303030303,0.727272727272727
2005,"Jarkko Nieminen",1.41379310344828,1.13995123650296,0.672727272727273
2005,"Jean-Rene Lisnard",1.02222222222222,0.8914653784219,0.652173913043478
2005,"Jerome Haehnel",0.372093023255814,0.372093023255814,0.372093023255814
2005,"Jimmy Wang",0.862745098039216,0.862745098039216,0.862745098039216
2005,"Joachim Johansson",1.80952380952381,1.19433497536946,0.866666666666667
2005,"Jonas Bjorkman",0.902439024390244,0.902439024390244,0.902439024390244
2005,"Jose Acasuso",1,1,1
2005,"Juan Carlos Ferrero",1.65625,1.1235119047619,0.714285714285714
2005,"Juan Ignacio Chela",1.7,1.30640096618357,0.760869565217391
2005,"Juan Monaco",0.902439024390244,0.902439024390244,0.902439024390244
2005,"Julien Benneteau",0.508474576271186,0.508474576271186,0.508474576271186
2005,"Jurgen Melzer",1.53846153846154,1.07149849090464,0.456521739130435
2005,"Justin Gimelstob",0.738095238095238,0.738095238095238,0.738095238095238
2005,"Karol Beck",1.5,1.11325611325611,0.785714285714286
2005,"Kenneth Carlsen",0.645833333333333,0.645833333333333,0.645833333333333
2005,"Kevin Kim",1.91666666666667,1.22782084409991,0.627906976744186
2005,"Lars Burgsmuller",0.674418604651163,0.674418604651163,0.674418604651163
2005,"Lleyton Hewitt",1.53571428571429,1.18667093140777,0.871794871794872
2005,"Luis Horna",0.404761904761905,0.404761904761905,0.404761904761905
2005,"Marat Safin",2.72,1.57275879582602,0.885714285714286
2005,"Marc Kimmich",0.641025641025641,0.641025641025641,0.641025641025641
2005,"Marcos Baghdatis",1.60869565217391,1.19765954915839,0.534883720930233
2005,"Mardy Fish",1.10810810810811,1.0174686882004,0.926829268292683
2005,"Mariano Zabaleta",1.56,1.08188679245283,0.60377358490566
2005,"Mario Ancic",2.21739130434783,1.67542673107891,0.888888888888889
2005,"Max Mirnyi",1.09375,1.09375,1.09375
2005,"Melle van Gemerden",1,1,1
2005,"Michael Llodra",0.75,0.75,0.75
2005,"Michal Tabara",1.175,0.9625,0.75
2005,"Mikhail Youzhny",2.6875,1.79829545454545,0.909090909090909
2005,"Nathan Healey",1.1,0.875,0.65
2005,"Nicolas Almagro",0.942857142857143,0.942857142857143,0.942857142857143
2005,"Nicolas Kiefer",0.906976744186046,0.906976744186046,0.906976744186046
2005,"Nicolas Massu",1.35714285714286,0.851410934744268,0.345679012345679
2005,"Nikolay Davydenko",1.47222222222222,1.19419191919192,0.666666666666667
2005,"Novak Djokovic",0.367647058823529,0.367647058823529,0.367647058823529
2005,"Oliver Marach",1,1,1
2005,"Olivier Mutis",0.645833333333333,0.645833333333333,0.645833333333333
2005,"Olivier Patience",0.619047619047619,0.619047619047619,0.619047619047619
2005,"Olivier Rochus",1.54285714285714,1.15058976111608,0.684210526315789
2005,"Oscar Hernandez",0.450980392156863,0.450980392156863,0.450980392156863
2005,"Paradorn Srichaphan",1.02631578947368,0.866816431322208,0.707317073170732
2005,"Paul Baccanello",0.694444444444444,0.694444444444444,0.694444444444444
2005,"Paul-Henri Mathieu",0.904761904761905,0.904761904761905,0.904761904761905
2005,"Peter Luczak",0.891891891891892,0.891891891891892,0.891891891891892
2005,"Peter Wessels",2.22222222222222,1.57986111111111,0.9375
2005,"Philipp Kohlschreiber",2.89285714285714,1.65078725038402,0.628571428571429
2005,"Potito Starace",0.974358974358974,0.974358974358974,0.974358974358974
2005,"Radek Stepanek",1.05,0.844252873563218,0.482758620689655
2005,"Raemon Sluiter",0.82,0.82,0.82
2005,"Rafael Nadal",1.96666666666667,1.46902601330914,0.947368421052632
2005,"Rainer Schuettler",1.61538461538462,1.09071117561684,0.566037735849057
2005,"Ricardo Mello",1.41176470588235,1.18414322250639,0.956521739130435
2005,"Robby Ginepri",1.05555555555556,1.05555555555556,1.05555555555556
2005,"Robin Soderling",0.672727272727273,0.672727272727273,0.672727272727273
2005,"Roger Federer",1.8695652173913,1.53608605378084,1.12903225806452
2005,"Roko Karanusic",0.679245283018868,0.679245283018868,0.679245283018868
2005,"Santiago Ventura",0.942857142857143,0.822492401215805,0.702127659574468
2005,"Sargis Sargsian",1.05263157894737,0.986842105263158,0.921052631578947
2005,"Scott Draper",0.755555555555556,0.755555555555556,0.755555555555556
2005,"Sebastien Grosjean",1.33333333333333,1.15579710144928,0.978260869565217
2005,"Sjeng Schalken",0.552631578947368,0.552631578947368,0.552631578947368
2005,"Takao Suzuki",1.48,1.04232558139535,0.604651162790698
2005,"Taylor Dent",1.33333333333333,1.0812012012012,0.64
2005,"Thomas Enqvist",0.851063829787234,0.851063829787234,0.851063829787234
2005,"Thomas Johansson",1.59259259259259,1.10100552627727,0.565217391304348
2005,"Tim Henman",1.5,1.16584766584767,0.727272727272727
2005,"Todd Reid",0.666666666666667,0.666666666666667,0.666666666666667
2005,"Tomas Berdych",0.537037037037037,0.537037037037037,0.537037037037037
2005,"Tomas Zib",1.15909090909091,1.02140591966173,0.883720930232558
2005,"Tommy Haas",2.3,1.62435897435897,0.948717948717949
2005,"Tommy Robredo",1.32352941176471,1.06474626463858,0.739130434782609
2005,"Victor Hanescu",1.21875,0.942708333333333,0.666666666666667
2005,"Vince Spadea",1,1,1
2005,"Wayne Arthurs",0.588235294117647,0.588235294117647,0.588235294117647
2005,"Xavier Malisse",0.434782608695652,0.434782608695652,0.434782608695652
2005,"Yen-Hsun Lu",0.45,0.45,0.45
2006,"Agustin Calleri",0.902439024390244,0.902439024390244,0.902439024390244
2006,"Albert Montanes",0.775,0.775,0.775
2006,"Alex Jr. Bogomolov",0.930232558139535,0.765116279069767,0.6
2006,"Alexander Waske",0.731707317073171,0.731707317073171,0.731707317073171
2006,"Amer Delic",1,1,1
2006,"Andreas Seppi",0.952380952380952,0.952380952380952,0.952380952380952
2006,"Andrei Pavel",1,0.894230769230769,0.788461538461538
2006,"Andy Murray",0.688888888888889,0.688888888888889,0.688888888888889
2006,"Andy Roddick",2.43478260869565,1.68113883399209,1.09090909090909
2006,"Arnaud Clement",0.837209302325581,0.837209302325581,0.837209302325581
2006,"Bjorn Phau",1.04651162790698,0.773255813953488,0.5
2006,"Bjorn Rehnquist",0.538461538461538,0.538461538461538,0.538461538461538
2006,"Bobby Reynolds",0.818181818181818,0.818181818181818,0.818181818181818
2006,"Boris Pashanski",1.32142857142857,1.02071428571429,0.72
2006,"Carlos Berlocq",0.955555555555556,0.955555555555556,0.955555555555556
2006,"Carlos Moya",1,1,1
2006,"Chris Guccione",0.71875,0.71875,0.71875
2006,"Christophe Rochus",0.666666666666667,0.666666666666667,0.666666666666667
2006,"Cyril Saulnier",0.651162790697674,0.651162790697674,0.651162790697674
2006,"Danai Udomchoke",0.931818181818182,0.931818181818182,0.931818181818182
2006,"Daniele Bracciali",1.57575757575758,1.18983957219251,0.803921568627451
2006,"David Ferrer",1.2972972972973,1.15040982419031,0.846153846153846
2006,"David Nalbandian",2.11111111111111,1.348576520456,0.951219512195122
2006,"Davide Sanguinetti",1.58620689655172,1.23754789272031,0.888888888888889
2006,"Denis Gremelmayr",1.55882352941176,1.03360373425179,0.610169491525424
2006,"Denis Istomin",0.510204081632653,0.510204081632653,0.510204081632653
2006,"Dick Norman",0.928571428571429,0.848006644518272,0.767441860465116
2006,"Dmitry Tursunov",1.0952380952381,0.970695970695971,0.846153846153846
2006,"Dominik Hrbaty",1.36111111111111,1.14330808080808,0.909090909090909
2006,"Fabrice Santoro",1.51515151515152,1.08324386353911,0.473684210526316
2006,"Federico Luzzi",1.35483870967742,1.08853046594982,0.822222222222222
2006,"Feliciano Lopez",1.65384615384615,1.18259518259518,0.681818181818182
2006,"Fernando Gonzalez",1.075,1.075,1.075
2006,"Fernando Verdasco",1.37037037037037,1.1619293712317,0.953488372093023
2006,"Fernando Vicente",0.923076923076923,0.923076923076923,0.923076923076923
2006,"Filippo Volandri",0.481481481481481,0.481481481481481,0.481481481481481
2006,"Florent Serra",0.823529411764706,0.823529411764706,0.823529411764706
2006,"Florian Mayer",1.25641025641026,0.922322775263952,0.588235294117647
2006,"Gael Monfils",0.636363636363636,0.636363636363636,0.636363636363636
2006,"Gaston Gaudio",1.87096774193548,1.50918562974077,1.02325581395349
2006,"Gilles Muller",0.825,0.825,0.825
2006,"Gilles Simon",1.28947368421053,0.990446689363919,0.608695652173913
2006,"Guillermo Coria",1.21621621621622,1.03386191621486,0.846153846153846
2006,"Guillermo Garcia-Lopez",1.1875,0.965544871794872,0.743589743589744
2006,"Harel Levy",0.68,0.68,0.68
2006,"Hyung-Taik Lee",0.795918367346939,0.795918367346939,0.795918367346939
2006,"Igor Andreev",1.24242424242424,1.09006734006734,1
2006,"Ivan Ljubicic",1.57692307692308,1.33062961193396,0.857142857142857
2006,"Ivo Karlovic",0.878787878787879,0.878787878787879,0.878787878787879
2006,"Ivo Minar",0.961538461538462,0.961538461538462,0.961538461538462
2006,"Jacob Adaktusson",0.630434782608696,0.630434782608696,0.630434782608696
2006,"James Blake",1.30555555555556,1.01188857155809,0.651162790697674
2006,"Jan Hernych",1.08333333333333,0.791666666666667,0.5
2006,"Janko Tipsarevic",1.05,0.911363636363636,0.772727272727273
2006,"Jarkko Nieminen",1.63333333333333,1.32705314009662,0.847826086956522
2006,"Jean-Christophe Faurel",1.36666666666667,1.06631205673759,0.765957446808511
2006,"Jean-Rene Lisnard",0.804347826086957,0.804347826086957,0.804347826086957
2006,"Jimmy Wang",1.58064516129032,1.09644502962475,0.612244897959184
2006,"Jiri Vanek",0.780487804878049,0.780487804878049,0.780487804878049
2006,"Jonas Bjorkman",0.641509433962264,0.641509433962264,0.641509433962264
2006,"Jose Acasuso",0.926829268292683,0.926829268292683,0.926829268292683
2006,"Juan Carlos Ferrero",1.76666666666667,1.25359477124183,0.7
2006,"Juan Ignacio Chela",1.45161290322581,1.22949449252557,0.829268292682927
2006,"Juan Monaco",1.24324324324324,0.991186839012926,0.739130434782609
2006,"Juan-Antonio Marin",0.738095238095238,0.738095238095238,0.738095238095238
2006,"Julien Benneteau",2.375,1.37684729064039,0.410714285714286
2006,"Jurgen Melzer",0.631578947368421,0.631578947368421,0.631578947368421
2006,"Justin Gimelstob",0.652173913043478,0.652173913043478,0.652173913043478
2006,"Kenneth Carlsen",0.72972972972973,0.72972972972973,0.72972972972973
2006,"Kevin Kim",1.47058823529412,1.08635794743429,0.702127659574468
2006,"Kristof Vliegen",1.5,1.08990357345434,0.720930232558139
2006,"Lars Burgsmuller",1.02380952380952,0.818027210884354,0.612244897959184
2006,"Lleyton Hewitt",0.956521739130435,0.878260869565217,0.8
2006,"Luis Horna",2,1.4025974025974,0.636363636363636
2006,"Lukas Dlouhy",0.58695652173913,0.58695652173913,0.58695652173913
2006,"Marc Kimmich",0.666666666666667,0.666666666666667,0.666666666666667
2006,"Marcos Baghdatis",1.63888888888889,1.17817289680644,0.826086956521739
2006,"Marcos Daniel",0.421052631578947,0.421052631578947,0.421052631578947
2006,"Mariano Zabaleta",0.63265306122449,0.63265306122449,0.63265306122449
2006,"Mario Ancic",2,1.29298048048048,0.770833333333333
2006,"Mark Philippoussis",0.543478260869565,0.543478260869565,0.543478260869565
2006,"Max Mirnyi",1.25,0.935606060606061,0.431818181818182
2006,"Michael Lammer",0.64,0.64,0.64
2006,"Michael Llodra",0.568181818181818,0.568181818181818,0.568181818181818
2006,"Mikhail Youzhny",0.826086956521739,0.826086956521739,0.826086956521739
2006,"Nathan Healey",2.07692307692308,1.23702313946216,0.634146341463415
2006,"Nicolas Almagro",0.804878048780488,0.804878048780488,0.804878048780488
2006,"Nicolas Kiefer",1.42857142857143,1.16382310499958,0.666666666666667
2006,"Nicolas Massu",0.931818181818182,0.931818181818182,0.931818181818182
2006,"Nikolay Davydenko",1.57692307692308,1.23670819601854,0.944444444444444
2006,"Novak Djokovic",0.847826086956522,0.847826086956522,0.847826086956522
2006,"Oliver Marach",0.73469387755102,0.73469387755102,0.73469387755102
2006,"Olivier Rochus",1.76,1.30307692307692,0.846153846153846
2006,"Oscar Hernandez",0.885714285714286,0.885714285714286,0.885714285714286
2006,"Paradorn Srichaphan",0.73469387755102,0.73469387755102,0.73469387755102
2006,"Paul Goldstein",1.17948717948718,0.772435897435897,0.365384615384615
2006,"Paul-Henri Mathieu",1.66666666666667,1.26989962651727,0.647058823529412
2006,"Pavel Snobel",0.743589743589744,0.743589743589744,0.743589743589744
2006,"Peter Luczak",1.18181818181818,0.997748917748918,0.771428571428571
2006,"Philipp Kohlschreiber",1.7037037037037,1.21919879062736,0.73469387755102
2006,"Potito Starace",1,1,1
2006,"Radek Stepanek",1.85714285714286,1.37728937728938,0.897435897435897
2006,"Raemon Sluiter",1.3448275862069,1.15890027958993,0.972972972972973
2006,"Rainer Schuettler",0.976744186046512,0.976744186046512,0.976744186046512
2006,"Razvan Sabau",0.53448275862069,0.53448275862069,0.53448275862069
2006,"Richard Gasquet",0.738095238095238,0.738095238095238,0.738095238095238
2006,"Robby Ginepri",1.58333333333333,1.32825203252033,1.07317073170732
2006,"Robin Vik",1.04545454545455,1.04545454545455,1.04545454545455
2006,"Roger Federer",2.31578947368421,1.56099392867195,1.05882352941176
2006,"Sebastien Grosjean",1.84,1.39867692709013,1.07317073170732
2006,"Stanislas Wawrinka",1.29032258064516,1.07016129032258,0.85
2006,"Taylor Dent",0.842105263157895,0.842105263157895,0.842105263157895
2006,"Thierry Ascione",0.8,0.8,0.8
2006,"Thomas Johansson",1.64285714285714,1.21032229965157,0.634146341463415
2006,"Tim Henman",0.91304347826087,0.91304347826087,0.91304347826087
2006,"Tomas Behrend",0.604651162790698,0.604651162790698,0.604651162790698
2006,"Tomas Berdych",1.22222222222222,0.998866213151927,0.775510204081633
2006,"Tomas Zib",0.566037735849057,0.566037735849057,0.566037735849057
2006,"Tommy Haas",2.73684210526316,1.55853273934768,0.846153846153846
2006,"Tommy Robredo",1.53571428571429,1.15594561688312,0.625
2006,"Victor Hanescu",0.962264150943396,0.962264150943396,0.962264150943396
2006,"Vince Spadea",0.66,0.66,0.66
2006,"Wayne Arthurs",0.756756756756757,0.756756756756757,0.756756756756757
2006,"Wesley Moodie",1.12903225806452,0.870071684587814,0.611111111111111
2006,"Xavier Malisse",1.21052631578947,1.09137426900585,0.972222222222222
2006,"Yen-Hsun Lu",0.634615384615385,0.634615384615385,0.634615384615385
2006,"Zack Fleishman",1.07692307692308,1.07692307692308,1.07692307692308
2007,"Agustin Calleri",0.953488372093023,0.953488372093023,0.953488372093023
2007,"Alan Mackin",0.765957446808511,0.765957446808511,0.765957446808511
2007,"Albert Montanes",0.476190476190476,0.476190476190476,0.476190476190476
2007,"Alberto Martin",0.359375,0.359375,0.359375
2007,"Alessio di Mauro",0.52,0.52,0.52
2007,"Alex Kuznetsov",1.19354838709677,0.881087919038583,0.568627450980392
2007,"Alexander Waske",0.648648648648649,0.648648648648649,0.648648648648649
2007,"Alun Jones",0.74468085106383,0.74468085106383,0.74468085106383
2007,"Amer Delic",1.6875,1.06823979591837,0.448979591836735
2007,"Andreas Seppi",1.33333333333333,1.0952380952381,0.857142857142857
2007,"Andy Murray",2.78260869565217,1.55577690069374,0.921052631578947
2007,"Andy Roddick",2.34782608695652,1.2657531628999,0.454545454545455
2007,"Arnaud Clement",1.14705882352941,0.871148459383754,0.595238095238095
2007,"Benjamin Becker",0.903225806451613,0.903225806451613,0.903225806451613
2007,"Bjorn Phau",0.625,0.625,0.625
2007,"Bobby Reynolds",0.75,0.75,0.75
2007,"Brian Wilson",0.75,0.75,0.75
2007,"Carlos Moya",0.523809523809524,0.523809523809524,0.523809523809524
2007,"Chris Guccione",0.727272727272727,0.727272727272727,0.727272727272727
2007,"Christophe Rochus",0.2,0.2,0.2
2007,"Danai Udomchoke",1.275,1.09412366912367,0.818181818181818
2007,"Daniele Bracciali",0.638888888888889,0.638888888888889,0.638888888888889
2007,"David Ferrer",1.4,1.14419703103914,0.894736842105263
2007,"David Nalbandian",1.43478260869565,1.13206196524341,0.767441860465116
2007,"Dmitry Tursunov",1.54166666666667,1.09424603174603,0.428571428571429
2007,"Dominik Hrbaty",1.30555555555556,1.00172975172975,0.571428571428571
2007,"Dudi Sela",1.38888888888889,1.17063492063492,0.952380952380952
2007,"Evgeny Korolev",0.851851851851852,0.851851851851852,0.851851851851852
2007,"Fabrice Santoro",1.68,1.27500227998176,0.674418604651163
2007,"Feliciano Lopez",1.33333333333333,0.982993197278912,0.63265306122449
2007,"Fernando Gonzalez",2.31818181818182,1.30611187519981,0.5
2007,"Fernando Verdasco",0.836734693877551,0.835034013605442,0.833333333333333
2007,"Filippo Volandri",0.843137254901961,0.843137254901961,0.843137254901961
2007,"Florent Serra",1.26470588235294,0.911422708618331,0.558139534883721
2007,"Florian Mayer",1.16666666666667,1.00056834327934,0.717391304347826
2007,"Frank Dancevic",1.46428571428571,1.20582706766917,0.947368421052632
2007,"Gael Monfils",1.56521739130435,1.09348160461628,0.634146341463415
2007,"Gaston Gaudio",0.6,0.6,0.6
2007,"Gilles Muller",1.66666666666667,1.15248226950355,0.638297872340426
2007,"Gilles Simon",0.592592592592593,0.592592592592593,0.592592592592593
2007,"Go Soeda",0.478260869565217,0.478260869565217,0.478260869565217
2007,"Guillermo Garcia-Lopez",1.05263157894737,0.944920440636475,0.837209302325581
2007,"Hyung-Taik Lee",0.451612903225806,0.451612903225806,0.451612903225806
2007,"Igor Andreev",0.666666666666667,0.666666666666667,0.666666666666667
2007,"Igor Kunitsyn",0.68,0.68,0.68
2007,"Ilija Bozoljac",2.19047619047619,1.31475029036005,0.439024390243902
2007,"Ivan Ljubicic",1,1,1
2007,"Ivo Karlovic",1.4,1.4,1.4
2007,"James Blake",1.90909090909091,1.52067789968652,0.775
2007,"Jan Hajek",0.25,0.25,0.25
2007,"Janko Tipsarevic",0.837209302325581,0.837209302325581,0.837209302325581
2007,"Jarkko Nieminen",1.04761904761905,0.95970695970696,0.871794871794872
2007,"Jiri Vanek",0.765957446808511,0.765957446808511,0.765957446808511
2007,"Jo-Wilfried Tsonga",0.787878787878788,0.787878787878788,0.787878787878788
2007,"Joachim Johansson",0.95,0.95,0.95
2007,"Jonas Bjorkman",1.41176470588235,0.979467258601554,0.547169811320755
2007,"Jose Acasuso",0.846153846153846,0.846153846153846,0.846153846153846
2007,"Juan Carlos Ferrero",4,2.42045454545455,0.840909090909091
2007,"Juan Ignacio Chela",1.28125,1.06113695478191,0.755102040816326
2007,"Juan Martin Del Potro",1.92307692307692,1.39397089397089,0.864864864864865
2007,"Juan Monaco",0.787234042553192,0.787234042553192,0.787234042553192
2007,"Julien Benneteau",0.821428571428571,0.821428571428571,0.821428571428571
2007,"Jurgen Melzer",0.714285714285714,0.678571428571429,0.642857142857143
2007,"Kevin Kim",0.829787234042553,0.829787234042553,0.829787234042553
2007,"Kristian Pless",0.866666666666667,0.866666666666667,0.866666666666667
2007,"Kristof Vliegen",0.804878048780488,0.804878048780488,0.804878048780488
2007,"Lleyton Hewitt",1.23529411764706,0.999388915457782,0.707317073170732
2007,"Luis Horna",1.02857142857143,1.02857142857143,1.02857142857143
2007,"Lukas Dlouhy",1.13157894736842,1.06578947368421,1
2007,"Lukas Lacko",0.717948717948718,0.717948717948718,0.717948717948718
2007,"Marat Safin",1.10714285714286,1.00733590733591,0.864864864864865
2007,"Marc Gicquel",1.34285714285714,1.04642857142857,0.75
2007,"Marco Chiudinelli",0.948717948717949,0.948717948717949,0.948717948717949
2007,"Marcos Baghdatis",1.15789473684211,1.04144736842105,0.925
2007,"Mardy Fish",Inf,Inf,0.425925925925926
2007,"Marin Cilic",0.456521739130435,0.456521739130435,0.456521739130435
2007,"Mario Ancic",2.09090909090909,1.50077386770935,0.967741935483871
2007,"Martin Vassallo Arguello",0.784313725490196,0.784313725490196,0.784313725490196
2007,"Max Mirnyi",0.972222222222222,0.867063492063492,0.761904761904762
2007,"Michael Berrer",0.875,0.875,0.875
2007,"Michael Llodra",0.326530612244898,0.326530612244898,0.326530612244898
2007,"Michael Russell",0.80952380952381,0.80952380952381,0.80952380952381
2007,"Mikhail Youzhny",1.23076923076923,1.00288461538462,0.775
2007,"Mischa Zverev",1.14285714285714,0.957792207792208,0.772727272727273
2007,"Nicolas Almagro",0.837837837837838,0.837837837837838,0.837837837837838
2007,"Nicolas Devilder",0.790697674418605,0.790697674418605,0.790697674418605
2007,"Nicolas Lapentti",1.30555555555556,1.00126262626263,0.696969696969697
2007,"Nicolas Mahut",1.27027027027027,1.09459459459459,0.918918918918919
2007,"Nicolas Massu",0.431034482758621,0.431034482758621,0.431034482758621
2007,"Nikolay Davydenko",1.56666666666667,1.34659571240773,0.925
2007,"Novak Djokovic",2.32,1.41960573476703,0.555555555555556
2007,"Olivier Patience",0.708333333333333,0.708333333333333,0.708333333333333
2007,"Olivier Rochus",1.375,1.1375,0.9
2007,"Paradorn Srichaphan",0.72,0.72,0.72
2007,"Paul Capdeville",1.21739130434783,0.942028985507246,0.666666666666667
2007,"Paul Goldstein",0.954545454545455,0.954545454545455,0.954545454545455
2007,"Paul-Henri Mathieu",1.2,1.2,1.2
2007,"Peter Luczak",0.837837837837838,0.837837837837838,0.837837837837838
2007,"Philipp Kohlschreiber",1.24242424242424,1.03232323232323,0.822222222222222
2007,"Potito Starace",0.780487804878049,0.780487804878049,0.780487804878049
2007,"Radek Stepanek",3.0625,1.64962121212121,0.886363636363636
2007,"Rafael Nadal",1.96296296296296,1.32336330836331,0.775
2007,"Rainer Schuettler",0.863636363636364,0.863636363636364,0.863636363636364
2007,"Richard Gasquet",2.22727272727273,1.43048740822422,0.731707317073171
2007,"Robby Ginepri",1.29411764705882,1.03247404390552,0.609756097560976
2007,"Robert Kendrick",0.634146341463415,0.634146341463415,0.634146341463415
2007,"Robert Smeets",1.39285714285714,1.04749240121581,0.702127659574468
2007,"Robin Soderling",0.894736842105263,0.894736842105263,0.894736842105263
2007,"Roger Federer",2.2,1.73459303025488,1.29032258064516
2007,"Ruben Ramirez-Hidalgo",0.530612244897959,0.530612244897959,0.530612244897959
2007,"Sam Querrey",1.79166666666667,1.21045986177565,0.657894736842105
2007,"Sebastien Grosjean",5,2.33161068044789,0.883720930232558
2007,"Sergio Roitman",0.659574468085106,0.659574468085106,0.659574468085106
2007,"Simon Greul",0.782608695652174,0.782608695652174,0.782608695652174
2007,"Stanislas Wawrinka",1.5,1.07152072246412,0.509433962264151
2007,"Stefan Koubek",0.945945945945946,0.945945945945946,0.945945945945946
2007,"Teimuraz Gabashvili",0.883720930232558,0.883720930232558,0.883720930232558
2007,"Thomas Johansson",1.05405405405405,0.884169884169884,0.714285714285714
2007,"Tomas Berdych",2.33333333333333,1.69418488016049,0.804878048780488
2007,"Tommy Haas",2.27777777777778,1.43120018414136,0.431372549019608
2007,"Tommy Robredo",1.88461538461538,1.40579305328241,0.702127659574468
2007,"Victor Hanescu",0.682926829268293,0.682926829268293,0.682926829268293
2007,"Vince Spadea",1.5,1.19318181818182,0.886363636363636
2007,"Wayne Arthurs",1.24137931034483,0.766174055829228,0
2007,"Xavier Malisse",0.871794871794872,0.871794871794872,0.871794871794872
2007,"Yen-Hsun Lu",1.27777777777778,1.04513888888889,0.8125
2007,"Zack Fleishman",1.04878048780488,0.927168021680217,0.805555555555556
2008,"Agustin Calleri",1.18518518518519,1.07646356033453,0.967741935483871
2008,"Albert Montanes",0.934782608695652,0.934782608695652,0.934782608695652
2008,"Alejandro Falla",1.13513513513514,0.996138996138996,0.857142857142857
2008,"Alun Jones",1.06976744186047,0.922383720930233,0.775
2008,"Amer Delic",1.33333333333333,1.13888888888889,0.944444444444444
2008,"Andreas Seppi",1.625,1.27195945945946,0.918918918918919
2008,"Andrei Pavel",0.756756756756757,0.756756756756757,0.756756756756757
2008,"Andy Murray",1,1,1
2008,"Andy Roddick",1.77777777777778,1.62222222222222,1.46666666666667
2008,"Arnaud Clement",0.837209302325581,0.837209302325581,0.837209302325581
2008,"Benjamin Becker",0.6,0.6,0.6
2008,"Bobby Reynolds",0.921052631578947,0.921052631578947,0.921052631578947
2008,"Boris Pashanski",0.755555555555556,0.755555555555556,0.755555555555556
2008,"Brydan Klein",0.785714285714286,0.785714285714286,0.785714285714286
2008,"Carlos Berlocq",0.775510204081633,0.775510204081633,0.775510204081633
2008,"Carlos Moya",0.948717948717949,0.948717948717949,0.948717948717949
2008,"Chris Guccione",0.774193548387097,0.774193548387097,0.774193548387097
2008,"David Ferrer",2.32,1.41558209062798,0.673469387755102
2008,"David Nalbandian",1.96,1.2950566893424,0.591836734693878
2008,"Denis Gremelmayr",1.07894736842105,1.07793522267206,1.07692307692308
2008,"Denis Istomin",1.26666666666667,1.01705426356589,0.767441860465116
2008,"Diego Hartfield",0.431034482758621,0.431034482758621,0.431034482758621
2008,"Dmitry Tursunov",1.2,1.02857142857143,0.857142857142857
2008,"Donald Young",0.780487804878049,0.780487804878049,0.780487804878049
2008,"Dudi Sela",1.46875,1.12911184210526,0.789473684210526
2008,"Edouard Roger-Vasselin",0.431034482758621,0.431034482758621,0.431034482758621
2008,"Ernests Gulbis",0.652173913043478,0.652173913043478,0.652173913043478
2008,"Evgeny Korolev",1.75862068965517,1.17199327165685,0.585365853658537
2008,"Fabio Fognini",0.846153846153846,0.846153846153846,0.846153846153846
2008,"Fabrice Santoro",1.68,1.03827586206897,0.396551724137931
2008,"Feliciano Lopez",1.25,0.811274509803922,0.372549019607843
2008,"Fernando Gonzalez",1.68,1.14652482269504,0.659574468085106
2008,"Fernando Verdasco",1.55555555555556,1.19444444444444,0.833333333333333
2008,"Filippo Volandri",0.717391304347826,0.717391304347826,0.717391304347826
2008,"Florent Serra",1.34375,0.946875,0.55
2008,"Florian Mayer",0.744186046511628,0.744186046511628,0.744186046511628
2008,"Frank Dancevic",0.842105263157895,0.842105263157895,0.842105263157895
2008,"Gilles Simon",1.63333333333333,1.12857142857143,0.666666666666667
2008,"Guillermo Garcia-Lopez",1.175,0.986229314420804,0.617021276595745
2008,"Harel Levy",0.615384615384615,0.615384615384615,0.615384615384615
2008,"Hyung-Taik Lee",1.29166666666667,1.10037878787879,0.909090909090909
2008,"Igor Andreev",1.32142857142857,1.14221364221364,0.783783783783784
2008,"Ivan Ljubicic",0.767441860465116,0.767441860465116,0.767441860465116
2008,"Ivo Karlovic",1.26666666666667,0.977146464646465,0.477272727272727
2008,"Ivo Minar",0.853658536585366,0.853658536585366,0.853658536585366
2008,"James Blake",1.92307692307692,1.36862351469669,0.731707317073171
2008,"Jamie Baker",0.842105263157895,0.842105263157895,0.842105263157895
2008,"Janko Tipsarevic",1.2,0.993650793650794,0.666666666666667
2008,"Jarkko Nieminen",1.25,1.05906565656566,0.755555555555556
2008,"Jesse Levine",1.57142857142857,1.18571428571429,0.8
2008,"Jiri Vanek",0.6,0.6,0.6
2008,"Jo-Wilfried Tsonga",1.84,1.4366596973622,0.805555555555556
2008,"John Isner",0.595238095238095,0.595238095238095,0.595238095238095
2008,"Jose Acasuso",0.918918918918919,0.918918918918919,0.918918918918919
2008,"Joseph Sirianni",0.897435897435897,0.897435897435897,0.897435897435897
2008,"Juan Carlos Ferrero",1.68965517241379,1.35679568050076,0.804347826086957
2008,"Juan Ignacio Chela",0.851063829787234,0.851063829787234,0.851063829787234
2008,"Juan Martin Del Potro",1.57142857142857,1.1734693877551,0.775510204081633
2008,"Juan Monaco",1.28947368421053,1.0577657378741,0.825
2008,"Juan-Pablo Brzezicki",0.952380952380952,0.952380952380952,0.952380952380952
2008,"Jurgen Melzer",1.66666666666667,1.18217054263566,0.697674418604651
2008,"Kevin Anderson",0.880952380952381,0.880952380952381,0.880952380952381
2008,"Konstantinos Economidis",0.595238095238095,0.595238095238095,0.595238095238095
2008,"Kristof Vliegen",1.96,1.35837837837838,0.756756756756757
2008,"Lleyton Hewitt",2.58333333333333,1.45019068233354,0.775510204081633
2008,"Luis Horna",0.84375,0.84375,0.84375
2008,"Lukas Dlouhy",0.681818181818182,0.681818181818182,0.681818181818182
2008,"Lukas Lacko",0.789473684210526,0.789473684210526,0.789473684210526
2008,"Marat Safin",1.53333333333333,1.2140350877193,0.894736842105263
2008,"Marc Gicquel",1.08108108108108,0.96248839105982,0.755102040816326
2008,"Marcel Granollers",0.568627450980392,0.568627450980392,0.568627450980392
2008,"Marcos Baghdatis",1.26470588235294,1.08680057388809,0.878048780487805
2008,"Mardy Fish",1.67741935483871,1.29661255183077,0.888888888888889
2008,"Mariano Zabaleta",0.75,0.75,0.75
2008,"Marin Cilic",1.51612903225806,1.26112321999419,0.675675675675676
2008,"Martin Slanar",0.680851063829787,0.680851063829787,0.680851063829787
2008,"Martin Vassallo Arguello",0.636363636363636,0.636363636363636,0.636363636363636
2008,"Mathieu Montcourt",0.666666666666667,0.666666666666667,0.666666666666667
2008,"Michael Berrer",1.28125,0.921875,0.5625
2008,"Michael Llodra",0.727272727272727,0.727272727272727,0.727272727272727
2008,"Michael Russell",1.18181818181818,0.850909090909091,0.52
2008,"Mikhail Youzhny",2.0952380952381,1.32857142857143,0.547619047619048
2008,"Mischa Zverev",0.930232558139535,0.930232558139535,0.930232558139535
2008,"Nick Lindahl",0.51063829787234,0.51063829787234,0.51063829787234
2008,"Nicolas Almagro",0.704545454545455,0.704545454545455,0.704545454545455
2008,"Nicolas Kiefer",0.608695652173913,0.608695652173913,0.608695652173913
2008,"Nicolas Mahut",1.08823529411765,0.916999002991027,0.745762711864407
2008,"Nicolas Massu",0.612244897959184,0.612244897959184,0.612244897959184
2008,"Nikolay Davydenko",1.375,1.18714168714169,0.708333333333333
2008,"Novak Djokovic",2.08333333333333,1.53433521568997,1.14705882352941
2008,"Olivier Patience",0.510204081632653,0.510204081632653,0.510204081632653
2008,"Olivier Rochus",0.5625,0.5625,0.5625
2008,"Oscar Hernandez",1.17142857142857,0.846130952380952,0.520833333333333
2008,"Paul Capdeville",1.27272727272727,1.01441241685144,0.75609756097561
2008,"Paul-Henri Mathieu",1.60714285714286,1.05326420890937,0.333333333333333
2008,"Peter Luczak",1.33333333333333,1.04166666666667,0.75
2008,"Philipp Kohlschreiber",1.70833333333333,1.30268657850737,1.02325581395349
2008,"Radek Stepanek",1,1,1
2008,"Rafael Nadal",3,1.59983043237739,0.543478260869565
2008,"Rainer Schuettler",1.19444444444444,0.903344671201814,0.612244897959184
2008,"Rajeev Ram",0.945945945945946,0.945945945945946,0.945945945945946
2008,"Richard Gasquet",2.68421052631579,1.66381200846945,0.736842105263158
2008,"Robert Kendrick",0.75,0.75,0.75
2008,"Robert Smeets",0.510204081632653,0.510204081632653,0.510204081632653
2008,"Robin Haase",1.3030303030303,1.04625199362041,0.789473684210526
2008,"Roger Federer",2.52173913043478,1.66080267558528,0.871794871794872
2008,"Roko Karanusic",0.85,0.85,0.85
2008,"Sam Querrey",1.77777777777778,1.14148148148148,0.48
2008,"Sam Warburg",1.05,0.836111111111111,0.622222222222222
2008,"Santiago Ventura",0.636363636363636,0.636363636363636,0.636363636363636
2008,"Sebastien Grosjean",1.39393939393939,1.19694620624853,0.930232558139535
2008,"Sergio Roitman",0.928571428571429,0.928571428571429,0.928571428571429
2008,"Simone Bolelli",1.05714285714286,0.802156334231806,0.547169811320755
2008,"Stanislas Wawrinka",0.925,0.925,0.925
2008,"Stefan Koubek",1.05405405405405,1.04667298877825,1.03333333333333
2008,"Steve Darcis",0.387096774193548,0.387096774193548,0.387096774193548
2008,"Thierry Ascione",0.642857142857143,0.642857142857143,0.642857142857143
2008,"Thomas Johansson",0.790697674418605,0.790697674418605,0.790697674418605
2008,"Tomas Berdych",1.92,1.33455360052134,0.722222222222222
2008,"Tommy Robredo",1.075,0.835576923076923,0.596153846153846
2008,"Victor Hanescu",0.622222222222222,0.622222222222222,0.622222222222222
2008,"Viktor Troicki",0.707317073170732,0.707317073170732,0.707317073170732
2008,"Vince Spadea",1,0.857091237579042,0.644444444444444
2008,"Wayne Odesnik",0.8,0.8,0.8
2008,"Werner Eschauer",0.673913043478261,0.673913043478261,0.673913043478261
2008,"Xavier Malisse",0.833333333333333,0.833333333333333,0.833333333333333
2008,"Yen-Hsun Lu",0.951219512195122,0.951219512195122,0.951219512195122
2009,"Adrian Mannarino",0.482758620689655,0.482758620689655,0.482758620689655
2009,"Agustin Calleri",0.833333333333333,0.833333333333333,0.833333333333333
2009,"Albert Montanes",0.702702702702703,0.702702702702703,0.702702702702703
2009,"Alberto Martin",0.75609756097561,0.75609756097561,0.75609756097561
2009,"Amer Delic",0.967741935483871,0.904890227470873,0.837837837837838
2009,"Andrea Stoppini",0.686274509803922,0.686274509803922,0.686274509803922
2009,"Andreas Beck",1.7741935483871,1.35051140833989,0.926829268292683
2009,"Andreas Seppi",0.804878048780488,0.804878048780488,0.804878048780488
2009,"Andrei Pavel",0.351851851851852,0.351851851851852,0.351851851851852
2009,"Andrey Golubev",0.864864864864865,0.864864864864865,0.864864864864865
2009,"Andy Murray",2.84210526315789,1.75446570972887,1
2009,"Andy Roddick",2.11111111111111,1.62043956043956,0.722222222222222
2009,"Arnaud Clement",1.02325581395349,0.67234219269103,0.321428571428571
2009,"Bernard Tomic",0.972222222222222,0.800064599483204,0.627906976744186
2009,"Bjorn Phau",0.880952380952381,0.880952380952381,0.880952380952381
2009,"Bjorn Rehnquist",0.473684210526316,0.473684210526316,0.473684210526316
2009,"Bobby Reynolds",0.326086956521739,0.326086956521739,0.326086956521739
2009,"Brian Dabul",1.92307692307692,1.20192307692308,0.480769230769231
2009,"Brydan Klein",1.13513513513514,0.870199146514936,0.605263157894737
2009,"Carlos Moya",0.58695652173913,0.58695652173913,0.58695652173913
2009,"Carsten Ball",0.641509433962264,0.641509433962264,0.641509433962264
2009,"Chris Guccione",1.60714285714286,1.14567669172932,0.684210526315789
2009,"Christophe Rochus",0.259259259259259,0.259259259259259,0.259259259259259
2009,"Colin Ebelthite",0.563636363636364,0.563636363636364,0.563636363636364
2009,"Daniel Gimeno-Traver",0.621621621621622,0.621621621621622,0.621621621621622
2009,"David Ferrer",3.23529411764706,1.8108875128999,0.947368421052632
2009,"David Nalbandian",1.17948717948718,1.02876797998749,0.878048780487805
2009,"Denis Gremelmayr",0.8,0.8,0.8
2009,"Denis Istomin",1.54545454545455,1.08794466403162,0.630434782608696
2009,"Diego Junqueira",0.725,0.725,0.725
2009,"Dieter Kindlmann",0.8,0.8,0.8
2009,"Dmitry Tursunov",1,1,1
2009,"Dominik Hrbaty",1.16129032258065,0.735190615835777,0.309090909090909
2009,"Dudi Sela",1.375,1.124222999223,0.818181818181818
2009,"Eduardo Schwank",0.717391304347826,0.717391304347826,0.717391304347826
2009,"Ernests Gulbis",1.42307692307692,1.16025641025641,0.897435897435897
2009,"Evgeny Korolev",1.7037037037037,1.13616557734205,0.568627450980392
2009,"Fabio Fognini",1.15625,0.878125,0.6
2009,"Fabrice Santoro",1.25,0.93739837398374,0.51219512195122
2009,"Fernando Gonzalez",1.57692307692308,1.09589473026973,0.5625
2009,"Fernando Verdasco",3.11111111111111,1.6773335596865,0.911764705882353
2009,"Flavio Cipolla",1,0.772727272727273,0.545454545454545
2009,"Florent Serra",0.95,0.95,0.95
2009,"Florian Mayer",2,1.33673469387755,0.673469387755102
2009,"Frank Dancevic",0.711111111111111,0.711111111111111,0.711111111111111
2009,"Gael Monfils",1.37837837837838,1.15201756378227,0.857142857142857
2009,"Gilles Muller",1.59259259259259,1.0837962962963,0.575
2009,"Gilles Simon",1.46153846153846,1.1744289044289,0.727272727272727
2009,"Guillermo Canas",1.25,0.942073170731707,0.634146341463415
2009,"Guillermo Garcia-Lopez",1.2,0.873809523809524,0.547619047619048
2009,"Igor Andreev",1.28125,1.0078142303433,0.627906976744186
2009,"Igor Kunitsyn",0.902439024390244,0.902439024390244,0.902439024390244
2009,"Ivan Ljubicic",1.10810810810811,0.985088536812675,0.862068965517241
2009,"Ivan Navarro",0.725,0.725,0.725
2009,"Ivo Karlovic",1.60869565217391,1.18313570487484,0.757575757575758
2009,"Ivo Minar",0.909090909090909,0.909090909090909,0.909090909090909
2009,"James Blake",1.74074074074074,1.38759853603604,0.810810810810811
2009,"Jan Hernych",1,1,1
2009,"Janko Tipsarevic",1.19444444444444,0.994949494949495,0.795454545454545
2009,"Jarkko Nieminen",0.619047619047619,0.619047619047619,0.619047619047619
2009,"Jeremy Chardy",1.81481481481481,1.20740740740741,0.6
2009,"Jo-Wilfried Tsonga",1.88888888888889,1.28422222222222,0.916666666666667
2009,"John Isner",0.861111111111111,0.861111111111111,0.861111111111111
2009,"Juan Carlos Ferrero",0.8,0.8,0.8
2009,"Juan Martin Del Potro",1.73913043478261,1.23521860149502,0.288135593220339
2009,"Juan Monaco",0.529411764705882,0.529411764705882,0.529411764705882
2009,"Julien Benneteau",0.840909090909091,0.840909090909091,0.840909090909091
2009,"Jurgen Melzer",1.79310344827586,1.16888873377077,0.634615384615385
2009,"Kei Nishikori",0.557692307692308,0.557692307692308,0.557692307692308
2009,"Kevin Anderson",0.761904761904762,0.761904761904762,0.761904761904762
2009,"Kristof Vliegen",0.962962962962963,0.962962962962963,0.962962962962963
2009,"Lamine Ouahab",0.5,0.5,0.5
2009,"Lleyton Hewitt",0.785714285714286,0.785714285714286,0.785714285714286
2009,"Marat Safin",1.82608695652174,1.27359397224465,0.615384615384615
2009,"Marc Gicquel",0.847826086956522,0.847826086956522,0.847826086956522
2009,"Marcel Granollers",1.19444444444444,0.909722222222222,0.625
2009,"Marcos Baghdatis",1.31428571428571,1.11600030481609,0.75
2009,"Marcos Daniel",0.551020408163265,0.551020408163265,0.551020408163265
2009,"Mardy Fish",1.53571428571429,1.22007340485601,0.760869565217391
2009,"Marin Cilic",1.3125,1.13706883394383,0.923076923076923
2009,"Mario Ancic",1.39285714285714,1.19,0.857142857142857
2009,"Martin Vassallo Arguello",0.725490196078431,0.725490196078431,0.725490196078431
2009,"Michael Berrer",1.55882352941176,1.19404591104735,0.829268292682927
2009,"Michael Llodra",0.659090909090909,0.659090909090909,0.659090909090909
2009,"Mikhail Youzhny",0.611111111111111,0.611111111111111,0.611111111111111
2009,"Mischa Zverev",0.63265306122449,0.63265306122449,0.63265306122449
2009,"Nicolas Almagro",1.66666666666667,1.22704004817826,0.829268292682927
2009,"Nicolas Devilder",0.622222222222222,0.622222222222222,0.622222222222222
2009,"Nicolas Lapentti",0.815789473684211,0.815789473684211,0.815789473684211
2009,"Nicolas Massu",0.84375,0.84375,0.84375
2009,"Novak Djokovic",1.66666666666667,1.24641731861537,0.581395348837209
2009,"Oscar Hernandez",0.837209302325581,0.837209302325581,0.837209302325581
2009,"Pablo Andujar",0.740740740740741,0.740740740740741,0.740740740740741
2009,"Paul-Henri Mathieu",1.61538461538462,1.35769230769231,1.1
2009,"Peter Polansky",0.780487804878049,0.780487804878049,0.780487804878049
2009,"Philipp Kohlschreiber",0.96969696969697,0.961038961038961,0.952380952380952
2009,"Philipp Petzschner",0.52,0.52,0.52
2009,"Potito Starace",1.02857142857143,1.02857142857143,1.02857142857143
2009,"Radek Stepanek",1.2258064516129,0.98798228969007,0.532258064516129
2009,"Rafael Nadal",3.85714285714286,1.88017885042681,0.975609756097561
2009,"Rainer Schuettler",0.847826086956522,0.847826086956522,0.847826086956522
2009,"Richard Gasquet",1.58620689655172,1.3316430020284,1.02941176470588
2009,"Robby Ginepri",0.6,0.6,0.6
2009,"Robert Kendrick",0.625,0.625,0.625
2009,"Robin Soderling",1.6,1.21304347826087,0.826086956521739
2009,"Roger Federer",3.47058823529412,1.65147180086328,1.025
2009,"Roko Karanusic",1.05263157894737,0.859649122807018,0.666666666666667
2009,"Sam Querrey",1.03125,1.03125,1.03125
2009,"Samuel Groth",0.651162790697674,0.651162790697674,0.651162790697674
2009,"Sebastien de Chaunac",1.1025641025641,0.838516093835243,0.574468085106383
2009,"Sergiy Stakhovsky",0.977272727272727,0.977272727272727,0.977272727272727
2009,"Simone Bolelli",1.03846153846154,0.885897435897436,0.733333333333333
2009,"Stanislas Wawrinka",1.65217391304348,1.18870913380519,0.813953488372093
2009,"Stefan Koubek",1.63636363636364,1.24675324675325,0.857142857142857
2009,"Steve Darcis",0.906976744186046,0.906976744186046,0.906976744186046
2009,"Taylor Dent",1.03333333333333,1.03333333333333,1.03333333333333
2009,"Teimuraz Gabashvili",0.837209302325581,0.837209302325581,0.837209302325581
2009,"Thomaz Bellucci",0.970588235294118,0.970588235294118,0.970588235294118
2009,"Tomas Berdych",2.08,1.48098901098901,0.948717948717949
2009,"Tommy Haas",1.83333333333333,1.20500927643785,0.387755102040816
2009,"Tommy Robredo",3.06666666666667,2.0570580907422,0.634146341463415
2009,"Victor Hanescu",1,0.863636363636364,0.727272727272727
2009,"Viktor Troicki",1.32258064516129,0.836728919071873,0.350877192982456
2009,"Vince Spadea",0.647058823529412,0.647058823529412,0.647058823529412
2009,"Wayne Odesnik",0.717948717948718,0.717948717948718,0.717948717948718
2009,"Xavier Malisse",1.51724137931034,1.06349873843566,0.609756097560976
2009,"Yen-Hsun Lu",1.13888888888889,0.921781921781922,0.596153846153846
2010,"Albert Montanes",1.55555555555556,1.10789737105527,0.578947368421053
2010,"Alejandro Falla",1.44444444444444,1.14021164021164,0.642857142857143
2010,"Andreas Seppi",1.1,1.1,1.1
2010,"Andrey Golubev",1.15384615384615,0.955301455301455,0.756756756756757
2010,"Andy Murray",1.90909090909091,1.45136913703295,0.864864864864865
2010,"Andy Roddick",1.73913043478261,1.42646820733777,1.02702702702703
2010,"Antonio Veic",1.07692307692308,0.927350427350427,0.777777777777778
2010,"Arnaud Clement",0.675,0.675,0.675
2010,"Benjamin Becker",1.08823529411765,0.950367647058823,0.8125
2010,"Bernard Tomic",1.39393939393939,1.09940872135994,0.804878048780488
2010,"Blaz Kavcic",0.729166666666667,0.729166666666667,0.729166666666667
2010,"Carlos Moya",0.804878048780488,0.804878048780488,0.804878048780488
2010,"Carsten Ball",0.783783783783784,0.783783783783784,0.783783783783784
2010,"Christophe Rochus",0.926829268292683,0.926829268292683,0.926829268292683
2010,"Daniel Brands",0.795454545454545,0.795454545454545,0.795454545454545
2010,"Daniel Gimeno-Traver",0.666666666666667,0.666666666666667,0.666666666666667
2010,"Daniel Koellerer",0.928571428571429,0.928571428571429,0.928571428571429
2010,"David Ferrer",3.18181818181818,2.00554323725055,0.829268292682927
2010,"David Guez",0.948717948717949,0.948717948717949,0.948717948717949
2010,"Denis Istomin",1.95833333333333,1.28927272240946,0.522388059701492
2010,"Dieter Kindlmann",0.596491228070175,0.596491228070175,0.596491228070175
2010,"Donald Young",1.07894736842105,0.909038901601831,0.739130434782609
2010,"Dudi Sela",0.923076923076923,0.923076923076923,0.923076923076923
2010,"Ernests Gulbis",0.787234042553192,0.787234042553192,0.787234042553192
2010,"Evgeny Korolev",1.25714285714286,1.17754805496741,1.03225806451613
2010,"Fabio Fognini",0.679245283018868,0.679245283018868,0.679245283018868
2010,"Fabrice Santoro",0.75,0.75,0.75
2010,"Feliciano Lopez",1.18181818181818,0.984415584415585,0.657142857142857
2010,"Fernando Gonzalez",1.57692307692308,1.19891826923077,0.714285714285714
2010,"Fernando Verdasco",2.86363636363636,1.69396551724138,1
2010,"Florent Serra",1.16129032258065,0.917709019091507,0.591836734693878
2010,"Florian Mayer",1.09677419354839,1.0239247311828,0.975
2010,"Frederico Gil",0.314285714285714,0.314285714285714,0.314285714285714
2010,"Gael Monfils",1.68181818181818,1.25584415584416,0.8
2010,"Grega Zemlja",0.918918918918919,0.918918918918919,0.918918918918919
2010,"Guillaume Rufin",0.717391304347826,0.717391304347826,0.717391304347826
2010,"Guillermo Garcia-Lopez",0.560975609756098,0.560975609756098,0.560975609756098
2010,"Horacio Zeballos",0.5,0.5,0.5
2010,"Igor Andreev",0.708333333333333,0.708333333333333,0.708333333333333
2010,"Igor Kunitsyn",1.25714285714286,1.00357142857143,0.75
2010,"Illya Marchenko",1.24242424242424,0.900058275058275,0.557692307692308
2010,"Ivan Dodig",1,0.80952380952381,0.619047619047619
2010,"Ivan Ljubicic",2.83333333333333,1.62021475256769,0.705882352941177
2010,"Ivan Sergeyev",1.08333333333333,0.847222222222222,0.611111111111111
2010,"Ivo Karlovic",1.41666666666667,1.20061728395062,0.851851851851852
2010,"James Blake",1.48148148148148,1.20126705653021,0.921052631578947
2010,"Jan Hajek",1.28571428571429,0.878706199460916,0.471698113207547
2010,"Janko Tipsarevic",1.2,1.11315789473684,1.02631578947368
2010,"Jarkko Nieminen",1.41379310344828,1.20689655172414,1
2010,"Jason Murray Kubler",0.352941176470588,0.352941176470588,0.352941176470588
2010,"Jeremy Chardy",0.51063829787234,0.51063829787234,0.51063829787234
2010,"Jo-Wilfried Tsonga",1.56,1.16850693321257,0.536585365853659
2010,"John Isner",1.25,0.89294733044733,0.523809523809524
2010,"Jose Acasuso",0.795454545454545,0.795454545454545,0.795454545454545
2010,"Juan Carlos Ferrero",1,1,1
2010,"Juan Ignacio Chela",0.723404255319149,0.723404255319149,0.723404255319149
2010,"Juan Martin Del Potro",1.14285714285714,1.03508403361345,0.911764705882353
2010,"Juan Monaco",1.27027027027027,0.98501216148275,0.607843137254902
2010,"Julien Benneteau",1.05405405405405,0.902027027027027,0.75
2010,"Jurgen Melzer",0.861111111111111,0.861111111111111,0.861111111111111
2010,"Kevin Anderson",0.545454545454545,0.545454545454545,0.545454545454545
2010,"Kristof Vliegen",0.320754716981132,0.320754716981132,0.320754716981132
2010,"Leonardo Mayer",0.609756097560976,0.609756097560976,0.609756097560976
2010,"Lleyton Hewitt",2.52173913043478,1.67776098581725,0.636363636363636
2010,"Louk Sorensen",1.53571428571429,1.33035714285714,1.125
2010,"Lukas Lacko",1.64,1.09884615384615,0.557692307692308
2010,"Lukasz Kubot",1.56666666666667,1.16111111111111,0.522727272727273
2010,"Marc Gicquel",1.1875,0.955452127659574,0.723404255319149
2010,"Marcel Granollers",1,0.846153846153846,0.692307692307692
2010,"Marco Chiudinelli",1.08333333333333,0.9375,0.791666666666667
2010,"Marcos Baghdatis",1.83333333333333,1.14525580347081,0.396551724137931
2010,"Marcos Daniel",0.75,0.75,0.75
2010,"Mardy Fish",0.866666666666667,0.866666666666667,0.866666666666667
2010,"Marin Cilic",1.33333333333333,1.10577269363347,0.794871794871795
2010,"Marinko Matosevic",0.923076923076923,0.923076923076923,0.923076923076923
2010,"Marsel Ilhan",1.14285714285714,0.888501742160279,0.634146341463415
2010,"Martin Vassallo Arguello",0.69047619047619,0.69047619047619,0.69047619047619
2010,"Matthew Ebden",0.594594594594595,0.594594594594595,0.594594594594595
2010,"Michael Berrer",3.11764705882353,1.91928864569083,0.720930232558139
2010,"Michael Llodra",1.44827586206897,1.1884236453202,0.928571428571429
2010,"Michael Russell",0.875,0.875,0.875
2010,"Mikhail Youzhny",2.12,1.57428571428571,1.02857142857143
2010,"Mischa Zverev",0.638297872340426,0.638297872340426,0.638297872340426
2010,"Nick Lindahl",0.707317073170732,0.707317073170732,0.707317073170732
2010,"Nicolas Almagro",1.55555555555556,1.16271022883926,0.8
2010,"Nicolas Lapentti",0.717391304347826,0.717391304347826,0.717391304347826
2010,"Nikolay Davydenko",1.79310344827586,1.38890451217526,0.829787234042553
2010,"Novak Djokovic",1.91428571428571,1.53476408412335,1.08333333333333
2010,"Olivier Rochus",0.651162790697674,0.651162790697674,0.651162790697674
2010,"Oscar Hernandez",0.642857142857143,0.642857142857143,0.642857142857143
2010,"Pablo Cuevas",0.846153846153846,0.846153846153846,0.846153846153846
2010,"Paolo Lorenzi",0.545454545454545,0.545454545454545,0.545454545454545
2010,"Peter Luczak",0.731707317073171,0.731707317073171,0.731707317073171
2010,"Philipp Kohlschreiber",2,1.35545500251383,0.948717948717949
2010,"Philipp Petzschner",1.02564102564103,1.02564102564103,1.02564102564103
2010,"Potito Starace",0.82051282051282,0.82051282051282,0.82051282051282
2010,"Rafael Nadal",1.79310344827586,1.24118380613133,0.818181818181818
2010,"Rainer Schuettler",1.02777777777778,0.962606837606838,0.897435897435897
2010,"Rajeev Ram",0.864864864864865,0.864864864864865,0.864864864864865
2010,"Ricardo Hocevar",0.454545454545455,0.454545454545455,0.454545454545455
2010,"Richard Gasquet",0.972222222222222,0.972222222222222,0.972222222222222
2010,"Robby Ginepri",0.777777777777778,0.777777777777778,0.777777777777778
2010,"Robin Haase",0.549019607843137,0.549019607843137,0.549019607843137
2010,"Robin Soderling",1,1,1
2010,"Roger Federer",1.95833333333333,1.55625912952594,1.15625
2010,"Ryan Harrison",0.833333333333333,0.833333333333333,0.833333333333333
2010,"Sam Querrey",0.972972972972973,0.972972972972973,0.972972972972973
2010,"Santiago Giraldo",1.65384615384615,1.18561872909699,0.717391304347826
2010,"Sebastien Grosjean",0.875,0.875,0.875
2010,"Sergiy Stakhovsky",0.666666666666667,0.666666666666667,0.666666666666667
2010,"Simon Greul",0.688888888888889,0.688888888888889,0.688888888888889
2010,"Simone Bolelli",0.842105263157895,0.842105263157895,0.842105263157895
2010,"Stanislas Wawrinka",1.78260869565217,1.31792662227445,0.837837837837838
2010,"Stefan Koubek",1.61538461538462,1.04028032153032,0.349206349206349
2010,"Stephane Robert",1.21875,1.02982954545455,0.840909090909091
2010,"Taylor Dent",1.47222222222222,1.05662393162393,0.641025641025641
2010,"Teimuraz Gabashvili",0.871794871794872,0.871794871794872,0.871794871794872
2010,"Thiemo de Bakker",0.692307692307692,0.692307692307692,0.692307692307692
2010,"Thomaz Bellucci",1.14705882352941,0.861029411764706,0.575
2010,"Tomas Berdych",1.82142857142857,1.31288819875776,0.804347826086957
2010,"Tommy Haas",1.45161290322581,1.07717581104678,0.805555555555556
2010,"Tommy Robredo",0.604651162790698,0.604651162790698,0.604651162790698
2010,"Victor Hanescu",1.38235294117647,0.946495619524405,0.51063829787234
2010,"Viktor Troicki",1.39393939393939,1.15285204991087,0.911764705882353
2010,"Wayne Odesnik",1.37142857142857,1.13308270676692,0.894736842105263
2010,"Xavier Malisse",0.939393939393939,0.939393939393939,0.939393939393939
2010,"Yen-Hsun Lu",0.651162790697674,0.651162790697674,0.651162790697674
2011,"Adrian Mannarino",1.46428571428571,1.05772425249169,0.651162790697674
2011,"Albert Montanes",1.16129032258065,0.857430875576037,0.553571428571429
2011,"Alejandro Falla",0.761904761904762,0.761904761904762,0.761904761904762
2011,"Alexandr Dolgopolov",1.95,1.38553585389499,0.704545454545455
2011,"Andreas Seppi",1.08333333333333,1.01225490196078,0.941176470588235
2011,"Andrey Golubev",0.468085106382979,0.468085106382979,0.468085106382979
2011,"Andy Murray",1.93103448275862,1.41473666218434,0.647058823529412
2011,"Andy Roddick",2.05882352941176,1.44144580909287,0.564102564102564
2011,"Arnaud Clement",0.923076923076923,0.923076923076923,0.923076923076923
2011,"Benjamin Becker",1.2962962962963,0.904558404558405,0.512820512820513
2011,"Benoit Paire",1.51724137931034,1.21914700544465,0.921052631578947
2011,"Bernard Tomic",1.37037037037037,1.13827160493827,0.822222222222222
2011,"Bjorn Phau",0.6875,0.6875,0.6875
2011,"Blaz Kavcic",0.916666666666667,0.870833333333333,0.825
2011,"Brian Dabul",0.783783783783784,0.783783783783784,0.783783783783784
2011,"Carlos Berlocq",0.775,0.775,0.775
2011,"Carsten Ball",1.16129032258065,1.16129032258065,1.16129032258065
2011,"Daniel Brands",0.688888888888889,0.688888888888889,0.688888888888889
2011,"Daniel Gimeno-Traver",0.813953488372093,0.813953488372093,0.813953488372093
2011,"David Ferrer",2.28571428571429,1.64801476726764,0.909090909090909
2011,"David Nalbandian",0.974358974358974,0.656671012603216,0.338983050847458
2011,"Denis Gremelmayr",0.5,0.5,0.5
2011,"Denis Istomin",0.85,0.85,0.85
2011,"Dmitry Tursunov",0.702127659574468,0.702127659574468,0.702127659574468
2011,"Donald Young",0.543478260869565,0.543478260869565,0.543478260869565
2011,"Dudi Sela",0.942857142857143,0.942857142857143,0.942857142857143
2011,"Dustin Brown",0.861111111111111,0.861111111111111,0.861111111111111
2011,"Eduardo Schwank",2.35,1.48269230769231,0.615384615384615
2011,"Ernests Gulbis",0.771428571428571,0.771428571428571,0.771428571428571
2011,"Fabio Fognini",0.837209302325581,0.837209302325581,0.837209302325581
2011,"Feliciano Lopez",1.3125,1.06534090909091,0.818181818181818
2011,"Fernando Verdasco",1.84,1.22071428571429,0.404761904761905
2011,"Filippo Volandri",0.854166666666667,0.854166666666667,0.854166666666667
2011,"Flavio Cipolla",0.659090909090909,0.659090909090909,0.659090909090909
2011,"Florent Serra",0.818181818181818,0.818181818181818,0.818181818181818
2011,"Florian Mayer",1.12121212121212,1.01182557280118,0.902439024390244
2011,"Frank Dancevic",0.652173913043478,0.652173913043478,0.652173913043478
2011,"Frederico Gil",1.07894736842105,0.928362573099415,0.777777777777778
2011,"Gael Monfils",1.33333333333333,1.11544011544012,0.727272727272727
2011,"Gilles Muller",1.23333333333333,0.846396396396396,0.459459459459459
2011,"Gilles Simon",1.32258064516129,1.06826706676669,0.813953488372093
2011,"Grega Zemlja",0.829268292682927,0.829268292682927,0.829268292682927
2011,"Grigor Dimitrov",2.13636363636364,1.43997668997669,0.743589743589744
2011,"Guillermo Garcia-Lopez",1.625,1.12571225071225,0.557692307692308
2011,"Igor Andreev",1.17073170731707,1.0706599713056,0.970588235294118
2011,"Igor Kunitsyn",1.10526315789474,0.795488721804511,0.485714285714286
2011,"Illya Marchenko",1.44444444444444,1.06916099773243,0.693877551020408
2011,"Ivan Dodig",1.35,1.03397435897436,0.717948717948718
2011,"Ivan Ljubicic",1.69565217391304,1.15700721068037,0.689655172413793
2011,"Ivo Karlovic",0.740740740740741,0.740740740740741,0.740740740740741
2011,"Jan Hajek",0.571428571428571,0.571428571428571,0.571428571428571
2011,"Jan Hernych",1.17647058823529,0.935479454939871,0.551020408163265
2011,"Janko Tipsarevic",1.46666666666667,1.16016260162602,0.853658536585366
2011,"Jarkko Nieminen",0.658536585365854,0.658536585365854,0.658536585365854
2011,"Jeremy Chardy",0.72972972972973,0.72972972972973,0.72972972972973
2011,"Jo-Wilfried Tsonga",1.0625,0.963922764227642,0.829268292682927
2011,"John Isner",1.41666666666667,1.16851851851852,0.866666666666667
2011,"Juan Ignacio Chela",0.767441860465116,0.767441860465116,0.767441860465116
2011,"Juan Martin Del Potro",1.06060606060606,0.908351810790835,0.75609756097561
2011,"Juan Monaco",1.23684210526316,1.06286549707602,0.888888888888889
2011,"Jurgen Melzer",1.56666666666667,1.2043466781874,0.517857142857143
2011,"Karol Beck",0.636363636363636,0.636363636363636,0.636363636363636
2011,"Kei Nishikori",1.19444444444444,0.994790244790245,0.681818181818182
2011,"Kevin Anderson",1.09090909090909,1.09090909090909,1.09090909090909
2011,"Leonardo Mayer",0.425531914893617,0.425531914893617,0.425531914893617
2011,"Lleyton Hewitt",1.02631578947368,1.02631578947368,1.02631578947368
2011,"Lukas Lacko",0.384615384615385,0.384615384615385,0.384615384615385
2011,"Lukasz Kubot",1.17647058823529,0.994485294117647,0.8125
2011,"Marcel Granollers",0.509433962264151,0.509433962264151,0.509433962264151
2011,"Marco Crugnola",0.617021276595745,0.617021276595745,0.617021276595745
2011,"Marcos Baghdatis",1.32258064516129,1.10298360099351,0.780487804878049
2011,"Marcos Daniel",0.282608695652174,0.282608695652174,0.282608695652174
2011,"Mardy Fish",1.05882352941176,0.944045911047346,0.829268292682927
2011,"Marin Cilic",1.84,1.26891804147618,0.674418604651163
2011,"Marinko Matosevic",0.75,0.75,0.75
2011,"Marsel Ilhan",0.617647058823529,0.617647058823529,0.617647058823529
2011,"Matthew Ebden",0.906976744186046,0.906976744186046,0.906976744186046
2011,"Michael Berrer",0.837209302325581,0.837209302325581,0.837209302325581
2011,"Michael Llodra",1.3030303030303,0.939393939393939,0.575757575757576
2011,"Michael Russell",1.1025641025641,0.770032051282051,0.4375
2011,"Michal Przysiezny",0.904761904761905,0.904761904761905,0.904761904761905
2011,"Mikhail Kukushkin",0.5625,0.5625,0.5625
2011,"Mikhail Youzhny",1.61904761904762,1.20868020868021,0.794871794871795
2011,"Milos Raonic",1.73684210526316,1.29361301898441,0.725
2011,"Mischa Zverev",0.681818181818182,0.681818181818182,0.681818181818182
2011,"Nicolas Almagro",1.45,1.05051054018445,0.521739130434783
2011,"Nicolas Mahut",1.27586206896552,1.09247648902821,0.909090909090909
2011,"Nikolay Davydenko",0.891891891891892,0.891891891891892,0.891891891891892
2011,"Novak Djokovic",1.96296296296296,1.5469770446729,1.02702702702703
2011,"Pablo Andujar",0.680851063829787,0.680851063829787,0.680851063829787
2011,"Pablo Cuevas",0.926829268292683,0.926829268292683,0.926829268292683
2011,"Pere Riba",0.861111111111111,0.775,0.688888888888889
2011,"Peter Luczak",0.58974358974359,0.58974358974359,0.58974358974359
2011,"Philipp Kohlschreiber",0.875,0.809294871794872,0.743589743589744
2011,"Philipp Petzschner",1,1,1
2011,"Potito Starace",0.5,0.5,0.5
2011,"Radek Stepanek",2,1.35294117647059,0.705882352941177
2011,"Rafael Nadal",3.53846153846154,1.78459134747167,0.647058823529412
2011,"Rainer Schuettler",0.543478260869565,0.543478260869565,0.543478260869565
2011,"Ricardo Mello",0.926829268292683,0.926829268292683,0.926829268292683
2011,"Richard Berankis",2.95,1.57592592592593,0.444444444444444
2011,"Richard Gasquet",1.53571428571429,1.22936507936508,0.619047619047619
2011,"Robin Haase",1.29032258064516,1.04442376619796,0.717948717948718
2011,"Robin Soderling",2.17647058823529,1.69169890178294,0.775510204081633
2011,"Roger Federer",2.6,1.53294183908219,0.973684210526316
2011,"Ruben Ramirez-Hidalgo",0.692307692307692,0.692307692307692,0.692307692307692
2011,"Rui Machado",0.729166666666667,0.729166666666667,0.729166666666667
2011,"Ryan Harrison",0.682926829268293,0.682926829268293,0.682926829268293
2011,"Ryan Sweeting",1.22857142857143,0.859568733153639,0.490566037735849
2011,"Sam Querrey",0.85,0.85,0.85
2011,"Santiago Giraldo",1.37142857142857,1.04097744360902,0.710526315789474
2011,"Sergiy Stakhovsky",1.45161290322581,1.17443040830138,0.840909090909091
2011,"Simon Greul",0.808510638297872,0.808510638297872,0.808510638297872
2011,"Simon Stadler",0.810810810810811,0.810810810810811,0.810810810810811
2011,"Somdev Devvarman",0.82051282051282,0.82051282051282,0.82051282051282
2011,"Stanislas Wawrinka",1.77272727272727,1.26280204455503,0.627906976744186
2011,"Stephane Robert",0.833333333333333,0.833333333333333,0.833333333333333
2011,"Teimuraz Gabashvili",0.837837837837838,0.837837837837838,0.837837837837838
2011,"Thiemo de Bakker",0.75,0.75,0.75
2011,"Thomaz Bellucci",1.07894736842105,1.00288831835687,0.926829268292683
2011,"Tobias Kamke",1.14285714285714,1.14285714285714,1.14285714285714
2011,"Tomas Berdych",2.47058823529412,1.54508062710726,0.673913043478261
2011,"Tommy Robredo",1.21875,1.08588781796502,0.72972972972973
2011,"Victor Hanescu",0.944444444444444,0.944444444444444,0.944444444444444
2011,"Viktor Troicki",1.42424242424242,1.06363636363636,0.666666666666667
2011,"Vincent Millot",0.638297872340426,0.638297872340426,0.638297872340426
2011,"Xavier Malisse",1.80645161290323,1.32443827348347,0.69811320754717
2011,"Yen-Hsun Lu",0.75609756097561,0.75609756097561,0.75609756097561
2012,"Adrian Mannarino",0.952380952380952,0.952380952380952,0.952380952380952
2012,"Albert Montanes",0.975,0.975,0.975
2012,"Albert Ramos",0.743589743589744,0.743589743589744,0.743589743589744
2012,"Alejandro Falla",1.27027027027027,1.01273761800078,0.636363636363636
2012,"Alex Jr. Bogomolov",1.64516129032258,1.25875085792725,0.872340425531915
2012,"Alex Kuznetsov",0.403846153846154,0.403846153846154,0.403846153846154
2012,"Alexander Kudryavtsev",0.591836734693878,0.591836734693878,0.591836734693878
2012,"Alexandr Dolgopolov",1.5,1.25750750750751,1.08333333333333
2012,"Andreas Beck",1.13888888888889,1.13888888888889,1.13888888888889
2012,"Andreas Seppi",0.723404255319149,0.723404255319149,0.723404255319149
2012,"Andrey Golubev",1.04651162790698,0.828811369509044,0.611111111111111
2012,"Andy Murray",1.91304347826087,1.51845012049616,0.857142857142857
2012,"Andy Roddick",1.62068965517241,1.22926374650513,0.837837837837838
2012,"Benjamin Becker",0.604651162790698,0.604651162790698,0.604651162790698
2012,"Benjamin Mitchell",0.722222222222222,0.722222222222222,0.722222222222222
2012,"Benoit Paire",0.641509433962264,0.641509433962264,0.641509433962264
2012,"Bernard Tomic",1.18518518518519,0.950676638176638,0.583333333333333
2012,"Bjorn Phau",0.43859649122807,0.43859649122807,0.43859649122807
2012,"Blaz Kavcic",1.25,0.979166666666667,0.708333333333333
2012,"Carlos Berlocq",1.02564102564103,0.955677655677656,0.885714285714286
2012,"Cedrik-Marcel Stebe",0.9,0.9,0.9
2012,"Danai Udomchoke",0.760869565217391,0.760869565217391,0.760869565217391
2012,"Daniel Gimeno-Traver",0.607843137254902,0.607843137254902,0.607843137254902
2012,"David Ferrer",1.82758620689655,1.34069341263106,0.720930232558139
2012,"David Nalbandian",1.26829268292683,1.17960088691796,1.09090909090909
2012,"Denis Istomin",0.948717948717949,0.948717948717949,0.948717948717949
2012,"Denis Kudla",0.631578947368421,0.631578947368421,0.631578947368421
2012,"Dmitry Tursunov",0.742857142857143,0.742857142857143,0.742857142857143
2012,"Donald Young",1.28947368421053,1.02278562259307,0.75609756097561
2012,"Dudi Sela",0.738095238095238,0.738095238095238,0.738095238095238
2012,"Edouard Roger-Vasselin",1.39285714285714,0.957792207792208,0.522727272727273
2012,"Eric Prodon",0.878048780487805,0.878048780487805,0.878048780487805
2012,"Ernests Gulbis",0.733333333333333,0.733333333333333,0.733333333333333
2012,"Fabio Fognini",0.787234042553192,0.787234042553192,0.787234042553192
2012,"Feliciano Lopez",1.24324324324324,1.02659744874185,0.5
2012,"Fernando Verdasco",0.9,0.9,0.9
2012,"Filippo Volandri",0.52,0.52,0.52
2012,"Flavio Cipolla",1.11111111111111,0.957729468599034,0.804347826086957
2012,"Florent Serra",0.866666666666667,0.607246376811594,0.347826086956522
2012,"Frederico Gil",1.52777777777778,1.09789471344093,0.530612244897959
2012,"Frederik Nielsen",0.647058823529412,0.647058823529412,0.647058823529412
2012,"Gael Monfils",1.23684210526316,1.1251012145749,0.933333333333333
2012,"Gilles Muller",0.487179487179487,0.487179487179487,0.487179487179487
2012,"Gilles Simon",1.31428571428571,1.15714285714286,1
2012,"Greg Jones",0.666666666666667,0.666666666666667,0.666666666666667
2012,"Grigor Dimitrov",0.971428571428571,0.878571428571429,0.785714285714286
2012,"Guillermo Garcia-Lopez",0.595744680851064,0.595744680851064,0.595744680851064
2012,"Igor Kunitsyn",0.727272727272727,0.727272727272727,0.727272727272727
2012,"Illya Marchenko",0.906976744186046,0.906976744186046,0.906976744186046
2012,"Ivan Dodig",0.654545454545455,0.654545454545455,0.654545454545455
2012,"Ivan Ljubicic",0.735294117647059,0.735294117647059,0.735294117647059
2012,"Ivo Karlovic",1.1875,0.975881123058542,0.611111111111111
2012,"James Duckworth",1.37931034482759,1.04331370899916,0.707317073170732
2012,"James Ward",0.8,0.8,0.8
2012,"Janko Tipsarevic",1.41379310344828,1.10298885248175,0.549019607843137
2012,"Jarkko Nieminen",0.788461538461538,0.788461538461538,0.788461538461538
2012,"Jeremy Chardy",1.02941176470588,1.02941176470588,1.02941176470588
2012,"Jesse Huta Galung",0.975,0.975,0.975
2012,"Jesse Levine",0.75,0.75,0.75
2012,"Jo-Wilfried Tsonga",1.88461538461538,1.26926557395307,0.857142857142857
2012,"Joao Souza",0.6,0.6,0.6
2012,"John Isner",1.38461538461538,1.04328449328449,0.828571428571429
2012,"Juan Carlos Ferrero",0.864864864864865,0.864864864864865,0.864864864864865
2012,"Juan Ignacio Chela",1.25581395348837,1.05895552835577,0.684210526315789
2012,"Juan Martin Del Potro",1.92592592592593,1.35669173137733,0.568181818181818
2012,"Juan Monaco",0.738095238095238,0.738095238095238,0.738095238095238
2012,"Julien Benneteau",1.48275862068966,1.09570214892554,0.804347826086957
2012,"Jurgen Melzer",0.842105263157895,0.842105263157895,0.842105263157895
2012,"Jurgen Zopp",0.725,0.725,0.725
2012,"Karol Beck",0.674418604651163,0.674418604651163,0.674418604651163
2012,"Kei Nishikori",1.67741935483871,1.14199415483652,0.622641509433962
2012,"Kenny de Schepper",0.58695652173913,0.58695652173913,0.58695652173913
2012,"Kevin Anderson",1.54545454545455,1.12226483194225,0.692307692307692
2012,"Leonardo Mayer",0.864864864864865,0.864864864864865,0.864864864864865
2012,"Lleyton Hewitt",1.19354838709677,1.00169678944559,0.702127659574468
2012,"Lukas Lacko",1.36,1.05361383824217,0.478260869565217
2012,"Lukas Rosol",0.467741935483871,0.467741935483871,0.467741935483871
2012,"Lukasz Kubot",0.875,0.875,0.875
2012,"Marcel Granollers",1.33333333333333,1.07142857142857,0.80952380952381
2012,"Marcos Baghdatis",1.65384615384615,1.23317307692308,0.8125
2012,"Mardy Fish",2.05263157894737,1.46817625458996,0.883720930232558
2012,"Marinko Matosevic",0.808510638297872,0.808510638297872,0.808510638297872
2012,"Matteo Viola",0.490566037735849,0.490566037735849,0.490566037735849
2012,"Matthew Ebden",1.66666666666667,1.33333333333333,1
2012,"Matthias Bachinger",0.58974358974359,0.58974358974359,0.58974358974359
2012,"Michael Llodra",1.36363636363636,1.03273770705621,0.588235294117647
2012,"Michael Russell",0.808510638297872,0.808510638297872,0.808510638297872
2012,"Mikhail Kukushkin",1.67857142857143,1.12421875,0.546875
2012,"Mikhail Youzhny",0.955555555555556,0.955555555555556,0.955555555555556
2012,"Milos Raonic",1.92307692307692,1.38060897435897,1
2012,"Nicolas Almagro",1.46875,1.1742086038961,0.8125
2012,"Nicolas Mahut",1.21052631578947,0.851596203623814,0.344262295081967
2012,"Nikolay Davydenko",0.9,0.9,0.9
2012,"Novak Djokovic",2.9047619047619,1.72274833687141,1.16666666666667
2012,"Olivier Rochus",2.28,1.40744186046512,0.534883720930233
2012,"Pablo Andujar",1.375,1.08564814814815,0.796296296296296
2012,"Paolo Lorenzi",0.507462686567164,0.507462686567164,0.507462686567164
2012,"Pere Riba",1.02564102564103,0.654611557596632,0.283582089552239
2012,"Peter Gojowczyk",0.775510204081633,0.775510204081633,0.775510204081633
2012,"Philipp Kohlschreiber",3.52631578947368,1.74993822047511,0.547169811320755
2012,"Philipp Petzschner",2.13793103448276,1.47922192749779,0.82051282051282
2012,"Potito Starace",0.882352941176471,0.882352941176471,0.882352941176471
2012,"Radek Stepanek",0.826086956521739,0.826086956521739,0.826086956521739
2012,"Rafael Nadal",2.47619047619048,1.58110991070486,0.829268292682927
2012,"Ricardo Mello",1.32432432432432,1.05240606460119,0.780487804878049
2012,"Richard Gasquet",1.82142857142857,1.37330159336462,0.653061224489796
2012,"Rik de Voest",0.921052631578947,0.921052631578947,0.921052631578947
2012,"Roberto Bautista-Agut",0.755102040816326,0.755102040816326,0.755102040816326
2012,"Robin Haase",0.617021276595745,0.617021276595745,0.617021276595745
2012,"Roger Federer",1.76,1.53374511513894,0.868421052631579
2012,"Rui Machado",0.547169811320755,0.547169811320755,0.547169811320755
2012,"Ryan Harrison",0.829268292682927,0.829268292682927,0.829268292682927
2012,"Ryan Sweeting",1.69565217391304,1.27805864509606,0.86046511627907
2012,"Sam Querrey",1.7037037037037,1.27372685185185,0.84375
2012,"Santiago Giraldo",2.03846153846154,1.26923076923077,0.5
2012,"Sergiy Stakhovsky",1.1025641025641,0.994139194139194,0.885714285714286
2012,"Stanislas Wawrinka",1.55882352941176,1.15681460800359,0.680851063829787
2012,"Stephane Robert",0.596153846153846,0.596153846153846,0.596153846153846
2012,"Steve Darcis",1.15384615384615,1.15384615384615,1.15384615384615
2012,"Tatsuma Ito",1.13333333333333,1.06666666666667,1
2012,"Thomaz Bellucci",1.35483870967742,1.09231297185999,0.829787234042553
2012,"Tobias Kamke",1.78125,1.31107954545455,0.840909090909091
2012,"Tomas Berdych",1.8695652173913,1.35089426873535,0.864864864864865
2012,"Tommy Haas",1.58333333333333,1.15833333333333,0.733333333333333
2012,"Victor Hanescu",0.56140350877193,0.56140350877193,0.56140350877193
2012,"Viktor Troicki",1.15625,0.994791666666667,0.833333333333333
2012,"Xavier Malisse",0.717948717948718,0.717948717948718,0.717948717948718
2012,"Yen-Hsun Lu",2.875,1.49331501831502,0.519230769230769
2013,"Adrian Mannarino",0.354166666666667,0.354166666666667,0.354166666666667
2013,"Adrian Menendez-Maceiras",0.714285714285714,0.714285714285714,0.714285714285714
2013,"Adrian Ungur",0.707317073170732,0.707317073170732,0.707317073170732
2013,"Albert Montanes",0.5,0.5,0.5
2013,"Albert Ramos",1.02777777777778,1.02777777777778,1.02777777777778
2013,"Alejandro Falla",1.09375,0.821384803921569,0.549019607843137
2013,"Alex Jr. Bogomolov",0.878048780487805,0.878048780487805,0.878048780487805
2013,"Alexandr Dolgopolov",0.763157894736842,0.763157894736842,0.763157894736842
2013,"Aljaz Bedene",0.878048780487805,0.878048780487805,0.878048780487805
2013,"Amir Weintraub",1.3,0.921428571428571,0.542857142857143
2013,"Andreas Seppi",1.70833333333333,1.15764102719931,0.790697674418605
2013,"Andrey Kuznetsov",1.45,1.06646341463415,0.682926829268293
2013,"Andy Murray",1.73333333333333,1.41462349910626,0.848484848484849
2013,"Arnau Brugues-Davi",0.538461538461538,0.538461538461538,0.538461538461538
2013,"Benjamin Becker",1.13888888888889,0.830808080808081,0.522727272727273
2013,"Benjamin Mitchell",0.944444444444444,0.944444444444444,0.944444444444444
2013,"Benoit Paire",0.568181818181818,0.568181818181818,0.568181818181818
2013,"Bernard Tomic",2.21052631578947,1.30414979757085,0.625
2013,"Bjorn Phau",0.765957446808511,0.765957446808511,0.765957446808511
2013,"Blaz Kavcic",1.32352941176471,0.999630040695524,0.528301886792453
2013,"Brian Baker",1.13888888888889,1.11631944444444,1.09375
2013,"Carlos Berlocq",1.08823529411765,0.921895424836601,0.755555555555556
2013,"Cedrik-Marcel Stebe",0.658536585365854,0.658536585365854,0.658536585365854
2013,"Daniel Brands",1.40909090909091,1.16883116883117,0.928571428571429
2013,"Daniel Gimeno-Traver",1.08108108108108,0.90958815958816,0.738095238095238
2013,"Daniel Munoz-De La Nava",0.735294117647059,0.735294117647059,0.735294117647059
2013,"David Ferrer",1.66666666666667,1.21485270942508,0.254545454545455
2013,"David Goffin",0.916666666666667,0.916666666666667,0.916666666666667
2013,"Denis Istomin",1.48148148148148,1.19235364396655,0.903225806451613
2013,"Di Wu",0.928571428571429,0.928571428571429,0.928571428571429
2013,"Dudi Sela",0.883720930232558,0.883720930232558,0.883720930232558
2013,"Edouard Roger-Vasselin",1,0.94047619047619,0.880952380952381
2013,"Evgeny Donskoy",1.41379310344828,1.0916778045086,0.627906976744186
2013,"Fabio Fognini",0.818181818181818,0.818181818181818,0.818181818181818
2013,"Feliciano Lopez",1.85714285714286,1.26578073089701,0.674418604651163
2013,"Fernando Verdasco",1.61764705882353,1.18988908694791,0.861111111111111
2013,"Filippo Volandri",0.695652173913043,0.695652173913043,0.695652173913043
2013,"Flavio Cipolla",0.711538461538462,0.711538461538462,0.711538461538462
2013,"Florian Mayer",1,0.744897959183674,0.489795918367347
2013,"Gael Monfils",1.31034482758621,1.10965281159164,0.921052631578947
2013,"Gilles Muller",0.694444444444444,0.694444444444444,0.694444444444444
2013,"Gilles Simon",1.4375,1.01709783272283,0.576923076923077
2013,"Go Soeda",1.31428571428571,1.08138528138528,0.848484848484849
2013,"Grega Zemlja",0.707317073170732,0.707317073170732,0.707317073170732
2013,"Grigor Dimitrov",0.568181818181818,0.568181818181818,0.568181818181818
2013,"Guido Pella",0.769230769230769,0.769230769230769,0.769230769230769
2013,"Guillaume Rufin",1.24324324324324,0.928439803439803,0.613636363636364
2013,"Guillermo Garcia-Lopez",0.846153846153846,0.846153846153846,0.846153846153846
2013,"Horacio Zeballos",0.585365853658537,0.585365853658537,0.585365853658537
2013,"Igor Sijsling",0.675,0.675,0.675
2013,"Ivan Dodig",1.16666666666667,0.978021978021978,0.69047619047619
2013,"Ivo Karlovic",0.818181818181818,0.818181818181818,0.818181818181818
2013,"James Duckworth",1.05882352941176,0.965309200603318,0.871794871794872
2013,"Jamie Baker",0.743589743589744,0.743589743589744,0.743589743589744
2013,"Jan Hajek",0.585365853658537,0.585365853658537,0.585365853658537
2013,"Janko Tipsarevic",1.33333333333333,0.969328703703704,0.481481481481481
2013,"Jarkko Nieminen",0.972222222222222,0.91468253968254,0.857142857142857
2013,"Jeremy Chardy",1.4,1.15071290810048,0.679245283018868
2013,"Jerzy Janowicz",1.3030303030303,1.03678458517168,0.645161290322581
2013,"Jesse Levine",0.882352941176471,0.878676470588235,0.875
2013,"Jo-Wilfried Tsonga",1.89285714285714,1.32330532212885,0.911764705882353
2013,"Joao Sousa",1.4375,1.01420454545455,0.590909090909091
2013,"John Millman",1.1025641025641,1.1025641025641,1.1025641025641
2013,"John-Patrick Smith",0.695652173913043,0.695652173913043,0.695652173913043
2013,"Josselin Ouanna",0.914285714285714,0.914285714285714,0.914285714285714
2013,"Juan Martin Del Potro",2.82352941176471,1.90238704177323,0.970588235294118
2013,"Juan Monaco",0.689655172413793,0.689655172413793,0.689655172413793
2013,"Julian Reister",0.804347826086957,0.804347826086957,0.804347826086957
2013,"Julien Benneteau",1.76,1.27877053524112,0.941176470588235
2013,"Jurgen Melzer",2.11538461538462,1.24078763018855,0.510204081632653
2013,"Kei Nishikori",1.59259259259259,1.2220702738166,0.690909090909091
2013,"Kevin Anderson",1.46428571428571,1.13508064516129,0.785714285714286
2013,"Leonardo Mayer",0.452380952380952,0.452380952380952,0.452380952380952
2013,"Lleyton Hewitt",0.75,0.75,0.75
2013,"Lukas Lacko",1.44,1.22,1
2013,"Lukas Rosol",1.3448275862069,0.946223316912972,0.547619047619048
2013,"Lukasz Kubot",0.925,0.925,0.925
2013,"Luke Saville",0.760869565217391,0.760869565217391,0.760869565217391
2013,"Marcel Granollers",1.41379310344828,1.06939655172414,0.725
2013,"Marcos Baghdatis",1.35483870967742,1.02416417790474,0.74468085106383
2013,"Marin Cilic",2,1.4031746031746,0.976190476190476
2013,"Marinko Matosevic",0.810810810810811,0.810810810810811,0.810810810810811
2013,"Martin Klizan",0.709677419354839,0.709677419354839,0.709677419354839
2013,"Maxime Authom",0.918918918918919,0.918918918918919,0.918918918918919
2013,"Michael Llodra",0.666666666666667,0.666666666666667,0.666666666666667
2013,"Michael Russell",0.727272727272727,0.727272727272727,0.727272727272727
2013,"Mikhail Kukushkin",0.472727272727273,0.472727272727273,0.472727272727273
2013,"Mikhail Youzhny",0.810810810810811,0.810810810810811,0.810810810810811
2013,"Milos Raonic",1.82608695652174,1.38777173913043,0.416666666666667
2013,"Nicolas Almagro",2.07692307692308,1.44400714156025,0.853658536585366
2013,"Nikolay Davydenko",1.13157894736842,0.887218045112782,0.642857142857143
2013,"Novak Djokovic",3.92857142857143,2.18596970952124,1.11764705882353
2013,"Olivier Rochus",0.6,0.6,0.6
2013,"Pablo Andujar",0.565217391304348,0.565217391304348,0.565217391304348
2013,"Paolo Lorenzi",0.885714285714286,0.885714285714286,0.885714285714286
2013,"Paul-Henri Mathieu",0.513513513513513,0.513513513513513,0.513513513513513
2013,"Philipp Kohlschreiber",1.84210526315789,1.37309305873379,0.625
2013,"Radek Stepanek",1.48275862068966,1.04310942241977,0.538461538461538
2013,"Rajeev Ram",1.18181818181818,0.840909090909091,0.5
2013,"Rhyne Williams",1,1,1
2013,"Richard Berankis",2.04166666666667,1.45048463356974,0.829787234042553
2013,"Richard Gasquet",2,1.5380143436685,0.882352941176471
2013,"Roberto Bautista-Agut",1.22222222222222,1.06699346405229,0.911764705882353
2013,"Robin Haase",0.622641509433962,0.622641509433962,0.622641509433962
2013,"Roger Federer",2.4,1.52598658211561,0.743589743589744
2013,"Ruben Bemelmans",1,1,1
2013,"Ruben Ramirez-Hidalgo",0.543478260869565,0.543478260869565,0.543478260869565
2013,"Ryan Harrison",1.14285714285714,0.708683473389356,0.274509803921569
2013,"Sam Querrey",1.36,1.06017857142857,0.90625
2013,"Santiago Giraldo",0.875,0.875,0.875
2013,"Sergiy Stakhovsky",0.675675675675676,0.675675675675676,0.675675675675676
2013,"Simone Bolelli",0.767441860465116,0.767441860465116,0.767441860465116
2013,"Somdev Devvarman",1.30555555555556,1.08301033591731,0.86046511627907
2013,"Stanislas Wawrinka",1.51851851851852,1.16295969290525,0.894736842105263
2013,"Steve Darcis",0.605263157894737,0.605263157894737,0.605263157894737
2013,"Steve Johnson",0.722222222222222,0.722222222222222,0.722222222222222
2013,"Tatsuma Ito",0.906976744186046,0.822535991140642,0.738095238095238
2013,"Thomaz Bellucci",0.755555555555556,0.755555555555556,0.755555555555556
2013,"Tim Smyczek",1.22222222222222,0.966666666666667,0.711111111111111
2013,"Tobias Kamke",1.40540540540541,1.14317889317889,0.880952380952381
2013,"Tomas Berdych",1.96,1.37019865319865,0.613636363636364
2013,"Tommy Haas",1.02857142857143,1.02857142857143,1.02857142857143
2013,"Tommy Robredo",1.13333333333333,1.13333333333333,1.13333333333333
2013,"Victor Hanescu",0.780487804878049,0.780487804878049,0.780487804878049
2013,"Viktor Troicki",0.902439024390244,0.902439024390244,0.902439024390244
2013,"Xavier Malisse",1.76923076923077,1.19370629370629,0.618181818181818
2013,"Yen-Hsun Lu",1.84,1.46285714285714,1.08571428571429
2014,"Adrian Mannarino",1.11111111111111,0.925555555555556,0.74
2014,"Albert Montanes",0.358490566037736,0.358490566037736,0.358490566037736
2014,"Albert Ramos",0.78,0.78,0.78
2014,"Alejandro Falla",1.21951219512195,0.972256097560976,0.725
2014,"Alejandro Gonzalez",0.773584905660377,0.773584905660377,0.773584905660377
2014,"Aleksandr Nedovesov",0.428571428571429,0.428571428571429,0.428571428571429
2014,"Alex Jr. Bogomolov",0.740740740740741,0.740740740740741,0.740740740740741
2014,"Alexandr Dolgopolov",1.48275862068966,1.2143522833178,0.945945945945946
2014,"Aljaz Bedene",0.648148148148148,0.648148148148148,0.648148148148148
2014,"Andreas Seppi",1.1025641025641,1.05128205128205,1
2014,"Andrey Golubev",0.52,0.52,0.52
2014,"Andy Murray",2.16,1.49692288476159,0.675
2014,"Benjamin Becker",0.794871794871795,0.794871794871795,0.794871794871795
2014,"Benoit Paire",1.35714285714286,1.10578501957812,0.615384615384615
2014,"Bernard Tomic",0.638888888888889,0.638888888888889,0.638888888888889
2014,"Blaz Kavcic",1.24324324324324,0.91753998896856,0.591836734693878
2014,"Blaz Rola",1.32258064516129,1.02971137521222,0.736842105263158
2014,"Bradley Klahn",0.567567567567568,0.567567567567568,0.567567567567568
2014,"Carlos Berlocq",0.931818181818182,0.931818181818182,0.931818181818182
2014,"Damir Dzumhur",2.11538461538462,1.21409775039312,0.468085106382979
2014,"Daniel Gimeno-Traver",0.636363636363636,0.636363636363636,0.636363636363636
2014,"David Ferrer",1.5,1.3054302322595,0.928571428571429
2014,"David Guez",0.68,0.68,0.68
2014,"Denis Istomin",1.38709677419355,1.09596992744121,0.634146341463415
2014,"Denis Kudla",0.666666666666667,0.666666666666667,0.666666666666667
2014,"Di Wu",0.95,0.95,0.95
2014,"Dmitry Tursunov",1.36111111111111,1.07529239766082,0.789473684210526
2014,"Dominic Thiem",1.17647058823529,0.941176470588235,0.705882352941177
2014,"Donald Young",1.33333333333333,0.938860421320019,0.576271186440678
2014,"Dudi Sela",1,1,1
2014,"Dusan Lajovic",1.16216216216216,0.85559088500265,0.549019607843137
2014,"Edouard Roger-Vasselin",1.13513513513514,1.04086386037606,0.914285714285714
2014,"Ernests Gulbis",0.864864864864865,0.682432432432432,0.5
2014,"Fabio Fognini",1.53846153846154,1.06896223146223,0.333333333333333
2014,"Federico Delbonis",0.75609756097561,0.75609756097561,0.75609756097561
2014,"Feliciano Lopez",1.42857142857143,1.1234126984127,0.675
2014,"Fernando Verdasco",1.35714285714286,1.20634920634921,1.05555555555556
2014,"Filippo Volandri",0.613636363636364,0.613636363636364,0.613636363636364
2014,"Florian Mayer",2.75,1.52901785714286,0.6875
2014,"Frank Dancevic",0.736842105263158,0.736842105263158,0.736842105263158
2014,"Gael Monfils",1.73913043478261,1.3203162055336,0.54
2014,"Gilles Simon",1.07317073170732,0.939811172305271,0.806451612903226
2014,"Go Soeda",0.462962962962963,0.462962962962963,0.462962962962963
2014,"Grigor Dimitrov",1.76190476190476,1.34501253132832,0.763157894736842
2014,"Guillermo Garcia-Lopez",1.21621621621622,1.0485842985843,0.880952380952381
2014,"Horacio Zeballos",0.692307692307692,0.692307692307692,0.692307692307692
2014,"Igor Sijsling",1.05555555555556,1.05555555555556,1.05555555555556
2014,"Ivan Dodig",1.4,1.17222222222222,0.944444444444444
2014,"Ivo Karlovic",0.714285714285714,0.714285714285714,0.714285714285714
2014,"Jack Sock",1.05882352941176,0.816911764705882,0.575
2014,"James Duckworth",0.6,0.6,0.6
2014,"Jan Hajek",0.472727272727273,0.472727272727273,0.472727272727273
2014,"Jan-Lennard Struff",0.673076923076923,0.673076923076923,0.673076923076923
2014,"Jarkko Nieminen",1,0.974358974358974,0.948717948717949
2014,"Jeremy Chardy",1.05714285714286,0.861904761904762,0.666666666666667
2014,"Jerzy Janowicz",1.05263157894737,0.796163388268651,0.363636363636364
2014,"Jimmy Wang",0.75,0.75,0.75
2014,"Jiri Vesely",0.935483870967742,0.935483870967742,0.935483870967742
2014,"Jo-Wilfried Tsonga",1.62962962962963,1.23898635477583,0.526315789473684
2014,"Joao Sousa",0.85,0.85,0.85
2014,"John Isner",0.486486486486487,0.486486486486487,0.486486486486487
2014,"Jordan Thompson",0.95,0.95,0.95
2014,"Juan Martin Del Potro",1.23076923076923,1.10067873303167,0.970588235294118
2014,"Juan Monaco",1.15625,1.15625,1.15625
2014,"Julian Reister",0.947368421052632,0.947368421052632,0.947368421052632
2014,"Julien Benneteau",1.32352941176471,1.04638009049774,0.769230769230769
2014,"Kei Nishikori",1.82142857142857,1.4046568627451,0.833333333333333
2014,"Kenny de Schepper",1.05263157894737,0.740601503759398,0.428571428571429
2014,"Kevin Anderson",1.41666666666667,1.03120918234065,0.545454545454545
2014,"Leonardo Mayer",2.78947368421053,1.61814109742441,0.446808510638298
2014,"Lleyton Hewitt",1,1,1
2014,"Lucas Pouille",0.86046511627907,0.86046511627907,0.86046511627907
2014,"Lukas Lacko",0.523809523809524,0.523809523809524,0.523809523809524
2014,"Lukas Rosol",0.692307692307692,0.692307692307692,0.692307692307692
2014,"Lukasz Kubot",0.8,0.8,0.8
2014,"Marcel Granollers",0.717948717948718,0.717948717948718,0.717948717948718
2014,"Marcos Baghdatis",0.720930232558139,0.720930232558139,0.720930232558139
2014,"Marin Cilic",1.39285714285714,1.16233766233766,0.931818181818182
2014,"Marinko Matosevic",0.813953488372093,0.813953488372093,0.813953488372093
2014,"Martin Klizan",2.05555555555556,1.33136458717854,0.581395348837209
2014,"Matthew Ebden",0.948717948717949,0.91553544494721,0.882352941176471
2014,"Michael Berrer",1.85714285714286,1.32330827067669,0.789473684210526
2014,"Michael Llodra",0.538461538461538,0.538461538461538,0.538461538461538
2014,"Michael Russell",0.73469387755102,0.73469387755102,0.73469387755102
2014,"Michal Przysiezny",1.44444444444444,1.07449494949495,0.704545454545455
2014,"Mikhail Kukushkin",0.82,0.82,0.82
2014,"Mikhail Youzhny",1.48571428571429,1.16709956709957,0.848484848484849
2014,"Milos Raonic",1.57142857142857,1.19591097308489,0.625
2014,"Nick Kyrgios",1.25806451612903,1.00082712985939,0.743589743589744
2014,"Nicolas Mahut",1.05405405405405,1.05405405405405,1.05405405405405
2014,"Nikolay Davydenko",1.25,1.04722222222222,0.844444444444444
2014,"Novak Djokovic",3,1.97607184482184,1.15625
2014,"Pablo Andujar",1.28205128205128,1.15531135531136,1.02857142857143
2014,"Pablo Carreno-Busta",0.755555555555556,0.755555555555556,0.755555555555556
2014,"Peter Gojowczyk",0.837837837837838,0.837837837837838,0.837837837837838
2014,"Radek Stepanek",0.804347826086957,0.804347826086957,0.804347826086957
2014,"Rafael Nadal",1.875,1.42042663733069,0.659090909090909
2014,"Rhyne Williams",0.8125,0.8125,0.8125
2014,"Richard Berankis",0.674418604651163,0.674418604651163,0.674418604651163
2014,"Richard Gasquet",1.47058823529412,1.20900699461071,0.972222222222222
2014,"Roberto Bautista-Agut",2.03571428571429,1.38704004329004,0.857142857142857
2014,"Robin Haase",0.75,0.75,0.75
2014,"Roger Federer",1.9,1.54880055342699,0.675
2014,"Ryan Harrison",0.594594594594595,0.594594594594595,0.594594594594595
2014,"Sam Querrey",2,1.27222222222222,0.65
2014,"Samuel Groth",0.58974358974359,0.58974358974359,0.58974358974359
2014,"Santiago Giraldo",0.857142857142857,0.857142857142857,0.857142857142857
2014,"Sergiy Stakhovsky",0.782608695652174,0.782608695652174,0.782608695652174
2014,"Somdev Devvarman",0.7,0.7,0.7
2014,"Stanislas Wawrinka",1.92307692307692,1.34247731374168,0.864864864864865
2014,"Stephane Robert",1.72,1.34990082147866,0.717391304347826
2014,"Steve Johnson",0.9,0.9,0.9
2014,"Teimuraz Gabashvili",1.27777777777778,0.919020364149143,0.531914893617021
2014,"Thanasi Kokkinakis",0.947368421052632,0.740350877192982,0.533333333333333
2014,"Thomaz Bellucci",1.05555555555556,0.848290598290598,0.641025641025641
2014,"Tim Smyczek",0.491228070175439,0.491228070175439,0.491228070175439
2014,"Tobias Kamke",0.944444444444444,0.944444444444444,0.944444444444444
2014,"Tomas Berdych",2.33333333333333,1.78554778554779,1
2014,"Tommy Haas",0.822222222222222,0.822222222222222,0.822222222222222
2014,"Tommy Robredo",1.44444444444444,1.1256864006864,0.72972972972973
2014,"Vasek Pospisil",1.69565217391304,1.41449275362319,1.13333333333333
2014,"Victor Hanescu",1.19354838709677,0.956149193548387,0.71875
2014,"Vincent Millot",1.0952380952381,0.829437229437229,0.563636363636364
2014,"Wayne Odesnik",0.91304347826087,0.91304347826087,0.91304347826087
2014,"Yen-Hsun Lu",1.33333333333333,1.01550387596899,0.697674418604651
2014,"Ze Zhang",0.736842105263158,0.736842105263158,0.736842105263158
